region,date,flights_cnt,avg_duration_min,p50_duration_min,p90_duration_min
Екатеринбургский,2025-01-01,0,0.0,0.0,0.0
Екатеринбургский,2025-01-02,1,0.0,0.0,0.0
Екатеринбургский,2025-01-03,4,0.0,0.0,0.0
Екатеринбургский,2025-01-04,5,0.0,0.0,0.0
Екатеринбургский,2025-01-05,1,0.0,0.0,0.0
Екатеринбургский,2025-01-06,5,0.0,0.0,0.0
Екатеринбургский,2025-01-07,6,0.0,0.0,0.0
Екатеринбургский,2025-01-08,6,0.0,0.0,0.0
Екатеринбургский,2025-01-09,6,0.0,0.0,0.0
Екатеринбургский,2025-01-10,8,0.0,0.0,0.0
Екатеринбургский,2025-01-11,7,0.0,0.0,0.0
Екатеринбургский,2025-01-12,3,0.0,0.0,0.0
Екатеринбургский,2025-01-13,7,0.0,0.0,0.0
Екатеринбургский,2025-01-14,10,0.0,0.0,0.0
Екатеринбургский,2025-01-15,7,0.0,0.0,0.0
Екатеринбургский,2025-01-16,11,0.0,0.0,0.0
Екатеринбургский,2025-01-17,9,0.0,0.0,0.0
Екатеринбургский,2025-01-18,8,0.0,0.0,0.0
Екатеринбургский,2025-01-19,3,0.0,0.0,0.0
Екатеринбургский,2025-01-20,8,0.0,0.0,0.0
Екатеринбургский,2025-01-21,10,0.0,0.0,0.0
Екатеринбургский,2025-01-22,10,0.0,0.0,0.0
Екатеринбургский,2025-01-23,12,0.0,0.0,0.0
Екатеринбургский,2025-01-24,11,0.0,0.0,0.0
Екатеринбургский,2025-01-25,17,0.0,0.0,0.0
Екатеринбургский,2025-01-26,6,0.0,0.0,0.0
Екатеринбургский,2025-01-27,9,0.0,0.0,0.0
Екатеринбургский,2025-01-28,9,0.0,0.0,0.0
Екатеринбургский,2025-01-29,10,0.0,0.0,0.0
Екатеринбургский,2025-01-30,10,0.0,0.0,0.0
Екатеринбургский,2025-01-31,12,0.0,0.0,0.0
Екатеринбургский,2025-02-01,7,0.0,0.0,0.0
Екатеринбургский,2025-02-02,4,0.0,0.0,0.0
Екатеринбургский,2025-02-03,9,0.0,0.0,0.0
Екатеринбургский,2025-02-04,11,0.0,0.0,0.0
Екатеринбургский,2025-02-05,13,0.0,0.0,0.0
Екатеринбургский,2025-02-06,14,0.0,0.0,0.0
Екатеринбургский,2025-02-07,12,0.0,0.0,0.0
Екатеринбургский,2025-02-08,6,0.0,0.0,0.0
Екатеринбургский,2025-02-09,6,0.0,0.0,0.0
Екатеринбургский,2025-02-10,12,0.0,0.0,0.0
Екатеринбургский,2025-02-11,12,0.0,0.0,0.0
Екатеринбургский,2025-02-12,14,0.0,0.0,0.0
Екатеринбургский,2025-02-13,11,0.0,0.0,0.0
Екатеринбургский,2025-02-14,10,0.0,0.0,0.0
Екатеринбургский,2025-02-15,6,0.0,0.0,0.0
Екатеринбургский,2025-02-16,2,0.0,0.0,0.0
Екатеринбургский,2025-02-17,7,0.0,0.0,0.0
Екатеринбургский,2025-02-18,9,0.0,0.0,0.0
Екатеринбургский,2025-02-19,15,0.0,0.0,0.0
Екатеринбургский,2025-02-20,11,0.0,0.0,0.0
Екатеринбургский,2025-02-21,13,0.0,0.0,0.0
Екатеринбургский,2025-02-22,10,0.0,0.0,0.0
Екатеринбургский,2025-02-23,6,0.0,0.0,0.0
Екатеринбургский,2025-02-24,18,0.0,0.0,0.0
Екатеринбургский,2025-02-25,12,0.0,0.0,0.0
Екатеринбургский,2025-02-26,15,0.0,0.0,0.0
Екатеринбургский,2025-02-27,16,0.0,0.0,0.0
Екатеринбургский,2025-02-28,29,0.0,0.0,0.0
Екатеринбургский,2025-03-01,8,0.0,0.0,0.0
Екатеринбургский,2025-03-02,7,0.0,0.0,0.0
Екатеринбургский,2025-03-03,21,0.0,0.0,0.0
Екатеринбургский,2025-03-04,22,0.0,0.0,0.0
Екатеринбургский,2025-03-05,25,0.0,0.0,0.0
Екатеринбургский,2025-03-06,31,0.0,0.0,0.0
Екатеринбургский,2025-03-07,31,0.0,0.0,0.0
Екатеринбургский,2025-03-08,20,0.0,0.0,0.0
Екатеринбургский,2025-03-09,15,0.0,0.0,0.0
Екатеринбургский,2025-03-10,27,0.0,0.0,0.0
Екатеринбургский,2025-03-11,35,0.0,0.0,0.0
Екатеринбургский,2025-03-12,27,0.0,0.0,0.0
Екатеринбургский,2025-03-13,26,0.0,0.0,0.0
Екатеринбургский,2025-03-14,32,0.0,0.0,0.0
Екатеринбургский,2025-03-15,21,0.0,0.0,0.0
Екатеринбургский,2025-03-16,25,0.0,0.0,0.0
Екатеринбургский,2025-03-17,30,0.0,0.0,0.0
Екатеринбургский,2025-03-18,39,0.0,0.0,0.0
Екатеринбургский,2025-03-19,35,0.0,0.0,0.0
Екатеринбургский,2025-03-20,29,0.0,0.0,0.0
Екатеринбургский,2025-03-21,36,0.0,0.0,0.0
Екатеринбургский,2025-03-22,26,0.0,0.0,0.0
Екатеринбургский,2025-03-23,11,0.0,0.0,0.0
Екатеринбургский,2025-03-24,36,0.0,0.0,0.0
Екатеринбургский,2025-03-25,35,0.0,0.0,0.0
Екатеринбургский,2025-03-26,26,0.0,0.0,0.0
Екатеринбургский,2025-03-27,36,0.0,0.0,0.0
Екатеринбургский,2025-03-28,35,0.0,0.0,0.0
Екатеринбургский,2025-03-29,21,0.0,0.0,0.0
Екатеринбургский,2025-03-30,18,0.0,0.0,0.0
Екатеринбургский,2025-03-31,29,0.0,0.0,0.0
Екатеринбургский,2025-04-01,32,0.0,0.0,0.0
Екатеринбургский,2025-04-02,35,0.0,0.0,0.0
Екатеринбургский,2025-04-03,30,0.0,0.0,0.0
Екатеринбургский,2025-04-04,33,0.0,0.0,0.0
Екатеринбургский,2025-04-05,23,0.0,0.0,0.0
Екатеринбургский,2025-04-06,27,0.0,0.0,0.0
Екатеринбургский,2025-04-07,31,0.0,0.0,0.0
Екатеринбургский,2025-04-08,33,0.0,0.0,0.0
Екатеринбургский,2025-04-09,31,0.0,0.0,0.0
Екатеринбургский,2025-04-10,38,0.0,0.0,0.0
Екатеринбургский,2025-04-11,37,0.0,0.0,0.0
Екатеринбургский,2025-04-12,31,0.0,0.0,0.0
Екатеринбургский,2025-04-13,24,0.0,0.0,0.0
Екатеринбургский,2025-04-14,41,0.0,0.0,0.0
Екатеринбургский,2025-04-15,36,0.0,0.0,0.0
Екатеринбургский,2025-04-16,27,0.0,0.0,0.0
Екатеринбургский,2025-04-17,41,0.0,0.0,0.0
Екатеринбургский,2025-04-18,38,0.0,0.0,0.0
Екатеринбургский,2025-04-19,30,0.0,0.0,0.0
Екатеринбургский,2025-04-20,7,0.0,0.0,0.0
Екатеринбургский,2025-04-21,38,0.0,0.0,0.0
Екатеринбургский,2025-04-22,33,0.0,0.0,0.0
Екатеринбургский,2025-04-23,44,0.0,0.0,0.0
Екатеринбургский,2025-04-24,42,0.0,0.0,0.0
Екатеринбургский,2025-04-25,32,0.0,0.0,0.0
Екатеринбургский,2025-04-26,29,0.0,0.0,0.0
Екатеринбургский,2025-04-27,16,0.0,0.0,0.0
Екатеринбургский,2025-04-28,22,0.0,0.0,0.0
Екатеринбургский,2025-04-29,22,0.0,0.0,0.0
Екатеринбургский,2025-04-30,28,0.0,0.0,0.0
Екатеринбургский,2025-05-01,23,0.0,0.0,0.0
Екатеринбургский,2025-05-02,31,0.0,0.0,0.0
Екатеринбургский,2025-05-03,14,0.0,0.0,0.0
Екатеринбургский,2025-05-04,29,0.0,0.0,0.0
Екатеринбургский,2025-05-05,38,0.0,0.0,0.0
Екатеринбургский,2025-05-06,34,0.0,0.0,0.0
Екатеринбургский,2025-05-07,42,0.0,0.0,0.0
Екатеринбургский,2025-05-08,34,0.0,0.0,0.0
Екатеринбургский,2025-05-09,13,0.0,0.0,0.0
Екатеринбургский,2025-05-10,27,0.0,0.0,0.0
Екатеринбургский,2025-05-11,24,0.0,0.0,0.0
Екатеринбургский,2025-05-12,38,0.0,0.0,0.0
Екатеринбургский,2025-05-13,36,0.0,0.0,0.0
Екатеринбургский,2025-05-14,40,0.0,0.0,0.0
Екатеринбургский,2025-05-15,27,0.0,0.0,0.0
Екатеринбургский,2025-05-16,38,0.0,0.0,0.0
Екатеринбургский,2025-05-17,38,0.0,0.0,0.0
Екатеринбургский,2025-05-18,23,0.0,0.0,0.0
Екатеринбургский,2025-05-19,35,0.0,0.0,0.0
Екатеринбургский,2025-05-20,30,0.0,0.0,0.0
Екатеринбургский,2025-05-21,34,0.0,0.0,0.0
Екатеринбургский,2025-05-22,47,0.0,0.0,0.0
Екатеринбургский,2025-05-23,43,0.0,0.0,0.0
Екатеринбургский,2025-05-24,32,0.0,0.0,0.0
Екатеринбургский,2025-05-25,27,0.0,0.0,0.0
Екатеринбургский,2025-05-26,36,0.0,0.0,0.0
Екатеринбургский,2025-05-27,42,0.0,0.0,0.0
Екатеринбургский,2025-05-28,37,0.0,0.0,0.0
Екатеринбургский,2025-05-29,44,0.0,0.0,0.0
Екатеринбургский,2025-05-30,49,0.0,0.0,0.0
Екатеринбургский,2025-05-31,32,0.0,0.0,0.0
Екатеринбургский,2025-06-01,24,0.0,0.0,0.0
Екатеринбургский,2025-06-02,27,0.0,0.0,0.0
Екатеринбургский,2025-06-03,38,0.0,0.0,0.0
Екатеринбургский,2025-06-04,45,0.0,0.0,0.0
Екатеринбургский,2025-06-05,39,0.0,0.0,0.0
Екатеринбургский,2025-06-06,46,0.0,0.0,0.0
Екатеринбургский,2025-06-07,35,0.0,0.0,0.0
Екатеринбургский,2025-06-08,28,0.0,0.0,0.0
Екатеринбургский,2025-06-09,44,0.0,0.0,0.0
Екатеринбургский,2025-06-10,46,0.0,0.0,0.0
Екатеринбургский,2025-06-11,45,0.0,0.0,0.0
Екатеринбургский,2025-06-12,35,0.0,0.0,0.0
Екатеринбургский,2025-06-13,35,0.0,0.0,0.0
Екатеринбургский,2025-06-14,31,0.0,0.0,0.0
Екатеринбургский,2025-06-15,22,0.0,0.0,0.0
Екатеринбургский,2025-06-16,32,0.0,0.0,0.0
Екатеринбургский,2025-06-17,33,0.0,0.0,0.0
Екатеринбургский,2025-06-18,39,0.0,0.0,0.0
Екатеринбургский,2025-06-19,36,0.0,0.0,0.0
Екатеринбургский,2025-06-20,36,0.0,0.0,0.0
Екатеринбургский,2025-06-21,24,0.0,0.0,0.0
Екатеринбургский,2025-06-22,28,0.0,0.0,0.0
Екатеринбургский,2025-06-23,38,0.0,0.0,0.0
Екатеринбургский,2025-06-24,51,0.0,0.0,0.0
Екатеринбургский,2025-06-25,41,0.0,0.0,0.0
Екатеринбургский,2025-06-26,37,0.0,0.0,0.0
Екатеринбургский,2025-06-27,26,0.0,0.0,0.0
Екатеринбургский,2025-06-28,14,0.0,0.0,0.0
Екатеринбургский,2025-06-29,17,0.0,0.0,0.0
Екатеринбургский,2025-06-30,33,0.0,0.0,0.0
Екатеринбургский,2025-07-01,36,0.0,0.0,0.0
Екатеринбургский,2025-07-02,38,0.0,0.0,0.0
Екатеринбургский,2025-07-03,42,0.0,0.0,0.0
Екатеринбургский,2025-07-04,34,0.0,0.0,0.0
Екатеринбургский,2025-07-05,37,0.0,0.0,0.0
Екатеринбургский,2025-07-06,24,0.0,0.0,0.0
Екатеринбургский,2025-07-07,38,0.0,0.0,0.0
Екатеринбургский,2025-07-08,40,0.0,0.0,0.0
Екатеринбургский,2025-07-09,44,0.0,0.0,0.0
Екатеринбургский,2025-07-10,38,0.0,0.0,0.0
Екатеринбургский,2025-07-11,36,0.0,0.0,0.0
Екатеринбургский,2025-07-12,34,0.0,0.0,0.0
Екатеринбургский,2025-07-13,27,0.0,0.0,0.0
Екатеринбургский,2025-07-14,44,0.0,0.0,0.0
Екатеринбургский,2025-07-15,41,0.0,0.0,0.0
Екатеринбургский,2025-07-16,42,0.0,0.0,0.0
Екатеринбургский,2025-07-17,47,0.0,0.0,0.0
Екатеринбургский,2025-07-18,44,0.0,0.0,0.0
Екатеринбургский,2025-07-19,25,0.0,0.0,0.0
Екатеринбургский,2025-07-20,15,0.0,0.0,0.0
Екатеринбургский,2025-07-21,46,0.0,0.0,0.0
Екатеринбургский,2025-07-22,37,0.0,0.0,0.0
Екатеринбургский,2025-07-23,31,0.0,0.0,0.0
Екатеринбургский,2025-07-24,42,0.0,0.0,0.0
Екатеринбургский,2025-07-25,36,0.0,0.0,0.0
Екатеринбургский,2025-07-26,21,0.0,0.0,0.0
Екатеринбургский,2025-07-27,14,0.0,0.0,0.0
Екатеринбургский,2025-07-28,32,0.0,0.0,0.0
Екатеринбургский,2025-07-29,31,0.0,0.0,0.0
Екатеринбургский,2025-07-30,39,0.0,0.0,0.0
Екатеринбургский,2025-07-31,36,0.0,0.0,0.0
Иркутский,2025-01-22,0,0.0,0.0,0.0
Иркутский,2025-02-04,0,0.0,0.0,0.0
Иркутский,2025-03-01,1,0.0,0.0,0.0
Иркутский,2025-03-05,0,0.0,0.0,0.0
Иркутский,2025-03-18,0,0.0,0.0,0.0
Иркутский,2025-04-09,0,0.0,0.0,0.0
Иркутский,2025-04-14,1,0.0,0.0,0.0
Иркутский,2025-04-16,0,0.0,0.0,0.0
Иркутский,2025-05-14,0,0.0,0.0,0.0
Иркутский,2025-05-22,1,0.0,0.0,0.0
Иркутский,2025-05-27,1,0.0,0.0,0.0
Иркутский,2025-06-04,0,0.0,0.0,0.0
Иркутский,2025-06-06,0,0.0,0.0,0.0
Иркутский,2025-06-09,0,0.0,0.0,0.0
Иркутский,2025-06-10,0,0.0,0.0,0.0
Иркутский,2025-06-13,1,0.0,0.0,0.0
Иркутский,2025-06-18,1,0.0,0.0,0.0
Иркутский,2025-06-19,1,0.0,0.0,0.0
Иркутский,2025-06-27,3,0.0,0.0,0.0
Иркутский,2025-07-01,0,0.0,0.0,0.0
Иркутский,2025-07-02,1,0.0,0.0,0.0
Иркутский,2025-07-13,0,0.0,0.0,0.0
Иркутский,2025-07-15,0,0.0,0.0,0.0
Иркутский,2025-07-16,1,0.0,0.0,0.0
Калининградский,2025-01-01,0,0.0,0.0,0.0
Калининградский,2025-01-02,0,0.0,0.0,0.0
Калининградский,2025-01-03,0,0.0,0.0,0.0
Калининградский,2025-01-04,0,,,
Калининградский,2025-01-05,0,,,
Калининградский,2025-01-06,0,,,
Калининградский,2025-01-07,0,,,
Калининградский,2025-01-08,0,,,
Калининградский,2025-01-09,0,,,
Калининградский,2025-01-10,1,,,
Калининградский,2025-01-11,1,,,
Калининградский,2025-01-12,1,,,
Калининградский,2025-01-13,1,0.0,0.0,0.0
Калининградский,2025-01-14,1,,,
Калининградский,2025-01-15,2,0.0,0.0,0.0
Калининградский,2025-01-16,1,,,
Калининградский,2025-01-17,1,,,
Калининградский,2025-01-18,4,0.0,0.0,0.0
Калининградский,2025-01-19,1,,,
Калининградский,2025-01-20,3,0.0,0.0,0.0
Калининградский,2025-01-21,2,0.0,0.0,0.0
Калининградский,2025-01-22,2,0.0,0.0,0.0
Калининградский,2025-01-23,2,0.0,0.0,0.0
Калининградский,2025-01-24,2,0.0,0.0,0.0
Калининградский,2025-01-25,3,0.0,0.0,0.0
Калининградский,2025-01-26,3,0.0,0.0,0.0
Калининградский,2025-01-27,1,0.0,0.0,0.0
Калининградский,2025-01-28,2,0.0,0.0,0.0
Калининградский,2025-01-29,1,0.0,0.0,0.0
Калининградский,2025-01-30,4,0.0,0.0,0.0
Калининградский,2025-01-31,1,,,
Калининградский,2025-02-01,1,,,
Калининградский,2025-02-02,1,,,
Калининградский,2025-02-03,1,,,
Калининградский,2025-02-04,1,,,
Калининградский,2025-02-05,1,0.0,0.0,0.0
Калининградский,2025-02-06,2,0.0,0.0,0.0
Калининградский,2025-02-07,1,,,
Калининградский,2025-02-08,1,,,
Калининградский,2025-02-09,2,0.0,0.0,0.0
Калининградский,2025-02-10,2,0.0,0.0,0.0
Калининградский,2025-02-11,2,0.0,0.0,0.0
Калининградский,2025-02-12,1,0.0,0.0,0.0
Калининградский,2025-02-13,3,0.0,0.0,0.0
Калининградский,2025-02-14,2,0.0,0.0,0.0
Калининградский,2025-02-15,1,,,
Калининградский,2025-02-16,1,,,
Калининградский,2025-02-17,1,,,
Калининградский,2025-02-18,1,,,
Калининградский,2025-02-19,3,0.0,0.0,0.0
Калининградский,2025-02-20,1,,,
Калининградский,2025-02-21,1,,,
Калининградский,2025-02-22,1,,,
Калининградский,2025-02-23,1,0.0,0.0,0.0
Калининградский,2025-02-24,1,,,
Калининградский,2025-02-25,1,,,
Калининградский,2025-02-26,1,,,
Калининградский,2025-02-27,2,0.0,0.0,0.0
Калининградский,2025-02-28,2,0.0,0.0,0.0
Калининградский,2025-03-01,1,0.0,0.0,0.0
Калининградский,2025-03-02,3,0.0,0.0,0.0
Калининградский,2025-03-03,1,,,
Калининградский,2025-03-04,1,,,
Калининградский,2025-03-05,2,0.0,0.0,0.0
Калининградский,2025-03-06,3,0.0,0.0,0.0
Калининградский,2025-03-07,1,,,
Калининградский,2025-03-08,1,,,
Калининградский,2025-03-09,6,0.0,0.0,0.0
Калининградский,2025-03-10,2,0.0,0.0,0.0
Калининградский,2025-03-11,5,0.0,0.0,0.0
Калининградский,2025-03-12,4,0.0,0.0,0.0
Калининградский,2025-03-13,4,0.0,0.0,0.0
Калининградский,2025-03-14,4,0.0,0.0,0.0
Калининградский,2025-03-15,3,,,
Калининградский,2025-03-16,3,,,
Калининградский,2025-03-17,3,,,
Калининградский,2025-03-18,5,0.0,0.0,0.0
Калининградский,2025-03-19,6,0.0,0.0,0.0
Калининградский,2025-03-20,3,,,
Калининградский,2025-03-21,8,0.0,0.0,0.0
Калининградский,2025-03-22,5,0.0,0.0,0.0
Калининградский,2025-03-23,3,,,
Калининградский,2025-03-24,3,,,
Калининградский,2025-03-25,6,0.0,0.0,0.0
Калининградский,2025-03-26,5,0.0,0.0,0.0
Калининградский,2025-03-27,5,0.0,0.0,0.0
Калининградский,2025-03-28,4,0.0,0.0,0.0
Калининградский,2025-03-29,5,0.0,0.0,0.0
Калининградский,2025-03-30,3,,,
Калининградский,2025-03-31,4,0.0,0.0,0.0
Калининградский,2025-04-01,4,0.0,0.0,0.0
Калининградский,2025-04-02,4,0.0,0.0,0.0
Калининградский,2025-04-03,5,0.0,0.0,0.0
Калининградский,2025-04-04,4,0.0,0.0,0.0
Калининградский,2025-04-05,3,,,
Калининградский,2025-04-06,6,0.0,0.0,0.0
Калининградский,2025-04-07,3,,,
Калининградский,2025-04-08,10,0.0,0.0,0.0
Калининградский,2025-04-09,7,0.0,0.0,0.0
Калининградский,2025-04-10,5,0.0,0.0,0.0
Калининградский,2025-04-11,4,0.0,0.0,0.0
Калининградский,2025-04-12,5,0.0,0.0,0.0
Калининградский,2025-04-13,8,0.0,0.0,0.0
Калининградский,2025-04-14,4,0.0,0.0,0.0
Калининградский,2025-04-15,4,0.0,0.0,0.0
Калининградский,2025-04-16,5,0.0,0.0,0.0
Калининградский,2025-04-17,4,0.0,0.0,0.0
Калининградский,2025-04-18,6,0.0,0.0,0.0
Калининградский,2025-04-19,3,,,
Калининградский,2025-04-20,3,,,
Калининградский,2025-04-21,4,0.0,0.0,0.0
Калининградский,2025-04-22,6,0.0,0.0,0.0
Калининградский,2025-04-23,6,0.0,0.0,0.0
Калининградский,2025-04-25,3,,,
Калининградский,2025-04-26,3,,,
Калининградский,2025-04-27,3,,,
Калининградский,2025-04-28,9,0.0,0.0,0.0
Калининградский,2025-04-29,6,0.0,0.0,0.0
Калининградский,2025-04-30,4,0.0,0.0,0.0
Калининградский,2025-05-01,3,,,
Калининградский,2025-05-02,3,,,
Калининградский,2025-05-03,6,0.0,0.0,0.0
Калининградский,2025-05-04,3,,,
Калининградский,2025-05-05,4,0.0,0.0,0.0
Калининградский,2025-05-06,4,0.0,0.0,0.0
Калининградский,2025-05-07,3,,,
Калининградский,2025-05-08,4,0.0,0.0,0.0
Калининградский,2025-05-09,3,,,
Калининградский,2025-05-10,3,0.0,0.0,0.0
Калининградский,2025-05-11,3,0.0,0.0,0.0
Калининградский,2025-05-12,7,0.0,0.0,0.0
Калининградский,2025-05-13,7,0.0,0.0,0.0
Калининградский,2025-05-14,4,,,
Калининградский,2025-05-15,3,0.0,0.0,0.0
Калининградский,2025-05-16,3,0.0,0.0,0.0
Калининградский,2025-05-17,3,,,
Калининградский,2025-05-18,6,0.0,0.0,0.0
Калининградский,2025-05-19,3,,,
Калининградский,2025-05-20,3,,,
Калининградский,2025-05-21,3,,,
Калининградский,2025-05-22,3,,,
Калининградский,2025-05-23,4,0.0,0.0,0.0
Калининградский,2025-05-24,3,,,
Калининградский,2025-05-25,3,,,
Калининградский,2025-05-26,3,0.0,0.0,0.0
Калининградский,2025-05-27,4,0.0,0.0,0.0
Калининградский,2025-05-28,6,0.0,0.0,0.0
Калининградский,2025-05-29,2,,,
Калининградский,2025-05-30,4,0.0,0.0,0.0
Калининградский,2025-05-31,3,,,
Калининградский,2025-06-01,4,0.0,0.0,0.0
Калининградский,2025-06-02,3,0.0,0.0,0.0
Калининградский,2025-06-03,3,0.0,0.0,0.0
Калининградский,2025-06-04,3,0.0,0.0,0.0
Калининградский,2025-06-05,4,0.0,0.0,0.0
Калининградский,2025-06-06,3,,,
Калининградский,2025-06-07,3,0.0,0.0,0.0
Калининградский,2025-06-08,3,0.0,0.0,0.0
Калининградский,2025-06-09,3,0.0,0.0,0.0
Калининградский,2025-06-10,3,,,
Калининградский,2025-06-11,3,,,
Калининградский,2025-06-12,3,,,
Калининградский,2025-06-13,3,0.0,0.0,0.0
Калининградский,2025-06-14,5,0.0,0.0,0.0
Калининградский,2025-06-15,3,,,
Калининградский,2025-06-16,3,,,
Калининградский,2025-06-17,4,0.0,0.0,0.0
Калининградский,2025-06-18,4,0.0,0.0,0.0
Калининградский,2025-06-19,3,,,
Калининградский,2025-06-20,3,,,
Калининградский,2025-06-21,4,0.0,0.0,0.0
Калининградский,2025-06-22,3,,,
Калининградский,2025-06-23,3,,,
Калининградский,2025-06-24,3,,,
Калининградский,2025-06-25,3,,,
Калининградский,2025-06-26,3,,,
Калининградский,2025-06-27,3,,,
Калининградский,2025-06-28,3,,,
Калининградский,2025-06-29,3,,,
Калининградский,2025-06-30,3,,,
Калининградский,2025-07-01,3,,,
Калининградский,2025-07-02,4,0.0,0.0,0.0
Калининградский,2025-07-03,3,,,
Калининградский,2025-07-04,3,,,
Калининградский,2025-07-05,3,,,
Калининградский,2025-07-06,3,,,
Калининградский,2025-07-07,3,,,
Калининградский,2025-07-08,3,,,
Калининградский,2025-07-09,4,0.0,0.0,0.0
Калининградский,2025-07-10,3,,,
Калининградский,2025-07-11,3,,,
Калининградский,2025-07-12,3,,,
Калининградский,2025-07-13,3,,,
Калининградский,2025-07-14,3,,,
Калининградский,2025-07-15,3,0.0,0.0,0.0
Калининградский,2025-07-16,3,0.0,0.0,0.0
Калининградский,2025-07-17,4,0.0,0.0,0.0
Калининградский,2025-07-18,3,0.0,0.0,0.0
Калининградский,2025-07-19,3,,,
Калининградский,2025-07-20,3,,,
Калининградский,2025-07-21,3,,,
Калининградский,2025-07-22,3,,,
Калининградский,2025-07-23,3,,,
Калининградский,2025-07-24,4,0.0,0.0,0.0
Калининградский,2025-07-25,4,0.0,0.0,0.0
Калининградский,2025-07-26,3,,,
Калининградский,2025-07-27,3,,,
Калининградский,2025-07-28,3,,,
Калининградский,2025-07-29,3,,,
Калининградский,2025-07-30,3,,,
Калининградский,2025-07-31,3,,,
Красноярский,2025-01-01,2,0.0,0.0,0.0
Красноярский,2025-01-03,3,0.0,0.0,0.0
Красноярский,2025-01-04,3,0.0,0.0,0.0
Красноярский,2025-01-05,2,0.0,0.0,0.0
Красноярский,2025-01-06,2,0.0,0.0,0.0
Красноярский,2025-01-07,1,0.0,0.0,0.0
Красноярский,2025-01-08,3,0.0,0.0,0.0
Красноярский,2025-01-09,2,0.0,0.0,0.0
Красноярский,2025-01-10,1,0.0,0.0,0.0
Красноярский,2025-01-11,2,0.0,0.0,0.0
Красноярский,2025-01-12,2,0.0,0.0,0.0
Красноярский,2025-01-13,1,0.0,0.0,0.0
Красноярский,2025-01-14,5,0.0,0.0,0.0
Красноярский,2025-01-15,4,0.0,0.0,0.0
Красноярский,2025-01-16,5,0.0,0.0,0.0
Красноярский,2025-01-17,7,0.0,0.0,0.0
Красноярский,2025-01-18,7,0.0,0.0,0.0
Красноярский,2025-01-19,2,0.0,0.0,0.0
Красноярский,2025-01-20,6,0.0,0.0,0.0
Красноярский,2025-01-21,5,0.0,0.0,0.0
Красноярский,2025-01-22,6,0.0,0.0,0.0
Красноярский,2025-01-23,2,0.0,0.0,0.0
Красноярский,2025-01-24,3,0.0,0.0,0.0
Красноярский,2025-01-25,5,0.0,0.0,0.0
Красноярский,2025-01-26,7,0.0,0.0,0.0
Красноярский,2025-01-27,8,0.0,0.0,0.0
Красноярский,2025-01-28,7,0.0,0.0,0.0
Красноярский,2025-01-29,11,0.0,0.0,0.0
Красноярский,2025-01-30,6,0.0,0.0,0.0
Красноярский,2025-01-31,6,0.0,0.0,0.0
Красноярский,2025-02-01,6,0.0,0.0,0.0
Красноярский,2025-02-02,7,0.0,0.0,0.0
Красноярский,2025-02-03,7,0.0,0.0,0.0
Красноярский,2025-02-04,5,0.0,0.0,0.0
Красноярский,2025-02-05,5,0.0,0.0,0.0
Красноярский,2025-02-06,4,0.0,0.0,0.0
Красноярский,2025-02-07,3,0.0,0.0,0.0
Красноярский,2025-02-08,1,0.0,0.0,0.0
Красноярский,2025-02-10,4,0.0,0.0,0.0
Красноярский,2025-02-11,4,0.0,0.0,0.0
Красноярский,2025-02-12,9,0.0,0.0,0.0
Красноярский,2025-02-13,9,0.0,0.0,0.0
Красноярский,2025-02-14,3,0.0,0.0,0.0
Красноярский,2025-02-15,3,0.0,0.0,0.0
Красноярский,2025-02-16,3,0.0,0.0,0.0
Красноярский,2025-02-17,2,0.0,0.0,0.0
Красноярский,2025-02-19,5,0.0,0.0,0.0
Красноярский,2025-02-20,3,0.0,0.0,0.0
Красноярский,2025-02-21,2,0.0,0.0,0.0
Красноярский,2025-02-22,1,0.0,0.0,0.0
Красноярский,2025-02-24,4,0.0,0.0,0.0
Красноярский,2025-02-25,7,0.0,0.0,0.0
Красноярский,2025-02-26,4,0.0,0.0,0.0
Красноярский,2025-02-27,8,0.0,0.0,0.0
Красноярский,2025-02-28,1,0.0,0.0,0.0
Красноярский,2025-03-01,4,0.0,0.0,0.0
Красноярский,2025-03-02,7,0.0,0.0,0.0
Красноярский,2025-03-03,4,0.0,0.0,0.0
Красноярский,2025-03-04,7,0.0,0.0,0.0
Красноярский,2025-03-05,12,0.0,0.0,0.0
Красноярский,2025-03-06,13,0.0,0.0,0.0
Красноярский,2025-03-07,10,0.0,0.0,0.0
Красноярский,2025-03-08,7,0.0,0.0,0.0
Красноярский,2025-03-09,7,0.0,0.0,0.0
Красноярский,2025-03-10,10,0.0,0.0,0.0
Красноярский,2025-03-11,10,0.0,0.0,0.0
Красноярский,2025-03-12,6,0.0,0.0,0.0
Красноярский,2025-03-13,6,0.0,0.0,0.0
Красноярский,2025-03-14,6,0.0,0.0,0.0
Красноярский,2025-03-15,5,0.0,0.0,0.0
Красноярский,2025-03-16,6,0.0,0.0,0.0
Красноярский,2025-03-17,5,0.0,0.0,0.0
Красноярский,2025-03-18,14,0.0,0.0,0.0
Красноярский,2025-03-19,7,0.0,0.0,0.0
Красноярский,2025-03-20,10,0.0,0.0,0.0
Красноярский,2025-03-21,9,0.0,0.0,0.0
Красноярский,2025-03-22,6,0.0,0.0,0.0
Красноярский,2025-03-23,10,0.0,0.0,0.0
Красноярский,2025-03-24,8,0.0,0.0,0.0
Красноярский,2025-03-25,9,0.0,0.0,0.0
Красноярский,2025-03-26,9,0.0,0.0,0.0
Красноярский,2025-03-27,8,0.0,0.0,0.0
Красноярский,2025-03-28,11,0.0,0.0,0.0
Красноярский,2025-03-29,5,0.0,0.0,0.0
Красноярский,2025-03-30,8,0.0,0.0,0.0
Красноярский,2025-03-31,7,0.0,0.0,0.0
Красноярский,2025-04-01,12,0.0,0.0,0.0
Красноярский,2025-04-02,13,0.0,0.0,0.0
Красноярский,2025-04-03,11,0.0,0.0,0.0
Красноярский,2025-04-04,6,0.0,0.0,0.0
Красноярский,2025-04-05,6,0.0,0.0,0.0
Красноярский,2025-04-06,5,0.0,0.0,0.0
Красноярский,2025-04-07,4,0.0,0.0,0.0
Красноярский,2025-04-08,11,0.0,0.0,0.0
Красноярский,2025-04-09,15,0.0,0.0,0.0
Красноярский,2025-04-10,5,0.0,0.0,0.0
Красноярский,2025-04-11,7,0.0,0.0,0.0
Красноярский,2025-04-12,7,0.0,0.0,0.0
Красноярский,2025-04-13,5,0.0,0.0,0.0
Красноярский,2025-04-14,16,0.0,0.0,0.0
Красноярский,2025-04-15,10,0.0,0.0,0.0
Красноярский,2025-04-16,17,0.0,0.0,0.0
Красноярский,2025-04-17,13,0.0,0.0,0.0
Красноярский,2025-04-18,4,0.0,0.0,0.0
Красноярский,2025-04-19,6,0.0,0.0,0.0
Красноярский,2025-04-20,5,0.0,0.0,0.0
Красноярский,2025-04-21,7,0.0,0.0,0.0
Красноярский,2025-04-22,10,0.0,0.0,0.0
Красноярский,2025-04-23,14,0.0,0.0,0.0
Красноярский,2025-04-24,9,0.0,0.0,0.0
Красноярский,2025-04-25,17,0.0,0.0,0.0
Красноярский,2025-04-26,8,0.0,0.0,0.0
Красноярский,2025-04-27,5,0.0,0.0,0.0
Красноярский,2025-04-28,15,0.0,0.0,0.0
Красноярский,2025-04-29,20,0.0,0.0,0.0
Красноярский,2025-04-30,5,0.0,0.0,0.0
Красноярский,2025-05-01,8,0.0,0.0,0.0
Красноярский,2025-05-02,11,0.0,0.0,0.0
Красноярский,2025-05-03,9,0.0,0.0,0.0
Красноярский,2025-05-04,6,0.0,0.0,0.0
Красноярский,2025-05-05,20,0.0,0.0,0.0
Красноярский,2025-05-06,12,0.0,0.0,0.0
Красноярский,2025-05-07,17,0.0,0.0,0.0
Красноярский,2025-05-08,7,0.0,0.0,0.0
Красноярский,2025-05-09,4,0.0,0.0,0.0
Красноярский,2025-05-10,8,0.0,0.0,0.0
Красноярский,2025-05-11,6,0.0,0.0,0.0
Красноярский,2025-05-12,12,0.0,0.0,0.0
Красноярский,2025-05-13,12,0.0,0.0,0.0
Красноярский,2025-05-14,17,0.0,0.0,0.0
Красноярский,2025-05-15,14,0.0,0.0,0.0
Красноярский,2025-05-16,17,0.0,0.0,0.0
Красноярский,2025-05-17,9,0.0,0.0,0.0
Красноярский,2025-05-18,8,0.0,0.0,0.0
Красноярский,2025-05-19,6,0.0,0.0,0.0
Красноярский,2025-05-20,14,0.0,0.0,0.0
Красноярский,2025-05-21,19,0.0,0.0,0.0
Красноярский,2025-05-22,16,0.0,0.0,0.0
Красноярский,2025-05-23,15,0.0,0.0,0.0
Красноярский,2025-05-24,12,0.0,0.0,0.0
Красноярский,2025-05-25,9,0.0,0.0,0.0
Красноярский,2025-05-26,8,0.0,0.0,0.0
Красноярский,2025-05-27,11,0.0,0.0,0.0
Красноярский,2025-05-28,16,0.0,0.0,0.0
Красноярский,2025-05-29,17,0.0,0.0,0.0
Красноярский,2025-05-30,12,0.0,0.0,0.0
Красноярский,2025-05-31,12,0.0,0.0,0.0
Красноярский,2025-06-01,8,0.0,0.0,0.0
Красноярский,2025-06-02,14,0.0,0.0,0.0
Красноярский,2025-06-03,15,0.0,0.0,0.0
Красноярский,2025-06-04,26,0.0,0.0,0.0
Красноярский,2025-06-05,23,0.0,0.0,0.0
Красноярский,2025-06-06,12,0.0,0.0,0.0
Красноярский,2025-06-07,11,0.0,0.0,0.0
Красноярский,2025-06-08,12,0.0,0.0,0.0
Красноярский,2025-06-09,13,0.0,0.0,0.0
Красноярский,2025-06-10,18,0.0,0.0,0.0
Красноярский,2025-06-11,12,0.0,0.0,0.0
Красноярский,2025-06-12,16,0.0,0.0,0.0
Красноярский,2025-06-13,11,0.0,0.0,0.0
Красноярский,2025-06-14,8,0.0,0.0,0.0
Красноярский,2025-06-15,7,0.0,0.0,0.0
Красноярский,2025-06-16,12,0.0,0.0,0.0
Красноярский,2025-06-17,20,0.0,0.0,0.0
Красноярский,2025-06-18,18,0.0,0.0,0.0
Красноярский,2025-06-19,19,0.0,0.0,0.0
Красноярский,2025-06-20,14,0.0,0.0,0.0
Красноярский,2025-06-21,22,0.0,0.0,0.0
Красноярский,2025-06-22,13,0.0,0.0,0.0
Красноярский,2025-06-23,21,0.0,0.0,0.0
Красноярский,2025-06-24,19,0.0,0.0,0.0
Красноярский,2025-06-25,21,0.0,0.0,0.0
Красноярский,2025-06-26,14,0.0,0.0,0.0
Красноярский,2025-06-27,19,0.0,0.0,0.0
Красноярский,2025-06-28,16,0.0,0.0,0.0
Красноярский,2025-06-29,9,0.0,0.0,0.0
Красноярский,2025-06-30,7,0.0,0.0,0.0
Красноярский,2025-07-01,16,0.0,0.0,0.0
Красноярский,2025-07-02,19,0.0,0.0,0.0
Красноярский,2025-07-03,19,0.0,0.0,0.0
Красноярский,2025-07-04,15,0.0,0.0,0.0
Красноярский,2025-07-05,10,0.0,0.0,0.0
Красноярский,2025-07-06,10,0.0,0.0,0.0
Красноярский,2025-07-07,15,0.0,0.0,0.0
Красноярский,2025-07-08,18,0.0,0.0,0.0
Красноярский,2025-07-09,19,0.0,0.0,0.0
Красноярский,2025-07-10,18,0.0,0.0,0.0
Красноярский,2025-07-11,22,0.0,0.0,0.0
Красноярский,2025-07-12,11,0.0,0.0,0.0
Красноярский,2025-07-13,14,0.0,0.0,0.0
Красноярский,2025-07-14,10,0.0,0.0,0.0
Красноярский,2025-07-15,16,0.0,0.0,0.0
Красноярский,2025-07-16,12,0.0,0.0,0.0
Красноярский,2025-07-17,18,0.0,0.0,0.0
Красноярский,2025-07-18,19,0.0,0.0,0.0
Красноярский,2025-07-19,10,0.0,0.0,0.0
Красноярский,2025-07-20,7,0.0,0.0,0.0
Красноярский,2025-07-21,5,0.0,0.0,0.0
Красноярский,2025-07-22,7,0.0,0.0,0.0
Красноярский,2025-07-23,16,0.0,0.0,0.0
Красноярский,2025-07-24,18,0.0,0.0,0.0
Красноярский,2025-07-25,10,0.0,0.0,0.0
Красноярский,2025-07-26,14,0.0,0.0,0.0
Красноярский,2025-07-27,12,0.0,0.0,0.0
Красноярский,2025-07-28,16,0.0,0.0,0.0
Красноярский,2025-07-29,19,0.0,0.0,0.0
Красноярский,2025-07-30,9,0.0,0.0,0.0
Красноярский,2025-07-31,14,0.0,0.0,0.0
Магаданский,2025-01-01,0,0.0,0.0,0.0
Магаданский,2025-01-02,0,0.0,0.0,0.0
Магаданский,2025-01-03,0,0.0,0.0,0.0
Магаданский,2025-01-04,0,0.0,0.0,0.0
Магаданский,2025-01-05,0,0.0,0.0,0.0
Магаданский,2025-01-06,0,0.0,0.0,0.0
Магаданский,2025-01-07,0,0.0,0.0,0.0
Магаданский,2025-01-08,0,0.0,0.0,0.0
Магаданский,2025-01-09,0,0.0,0.0,0.0
Магаданский,2025-01-10,0,0.0,0.0,0.0
Магаданский,2025-01-11,0,0.0,0.0,0.0
Магаданский,2025-01-12,0,0.0,0.0,0.0
Магаданский,2025-01-13,0,0.0,0.0,0.0
Магаданский,2025-01-14,1,0.0,0.0,0.0
Магаданский,2025-01-15,2,0.0,0.0,0.0
Магаданский,2025-01-16,0,0.0,0.0,0.0
Магаданский,2025-01-17,0,0.0,0.0,0.0
Магаданский,2025-01-21,2,0.0,0.0,0.0
Магаданский,2025-01-22,2,0.0,0.0,0.0
Магаданский,2025-01-23,0,0.0,0.0,0.0
Магаданский,2025-01-24,0,0.0,0.0,0.0
Магаданский,2025-01-25,0,0.0,0.0,0.0
Магаданский,2025-01-26,0,0.0,0.0,0.0
Магаданский,2025-01-27,0,0.0,0.0,0.0
Магаданский,2025-01-28,1,0.0,0.0,0.0
Магаданский,2025-01-29,1,0.0,0.0,0.0
Магаданский,2025-01-30,3,0.0,0.0,0.0
Магаданский,2025-02-01,1,0.0,0.0,0.0
Магаданский,2025-02-02,1,0.0,0.0,0.0
Магаданский,2025-02-03,1,0.0,0.0,0.0
Магаданский,2025-02-04,0,0.0,0.0,0.0
Магаданский,2025-02-05,1,0.0,0.0,0.0
Магаданский,2025-02-06,1,0.0,0.0,0.0
Магаданский,2025-02-10,1,0.0,0.0,0.0
Магаданский,2025-02-11,2,0.0,0.0,0.0
Магаданский,2025-02-12,1,0.0,0.0,0.0
Магаданский,2025-02-13,1,0.0,0.0,0.0
Магаданский,2025-02-14,0,0.0,0.0,0.0
Магаданский,2025-02-16,0,0.0,0.0,0.0
Магаданский,2025-02-17,1,0.0,0.0,0.0
Магаданский,2025-02-18,3,0.0,0.0,0.0
Магаданский,2025-02-20,0,0.0,0.0,0.0
Магаданский,2025-02-21,1,0.0,0.0,0.0
Магаданский,2025-02-23,0,0.0,0.0,0.0
Магаданский,2025-02-24,1,0.0,0.0,0.0
Магаданский,2025-02-25,1,0.0,0.0,0.0
Магаданский,2025-02-26,0,0.0,0.0,0.0
Магаданский,2025-02-28,2,0.0,0.0,0.0
Магаданский,2025-03-01,0,0.0,0.0,0.0
Магаданский,2025-03-02,0,0.0,0.0,0.0
Магаданский,2025-03-03,0,0.0,0.0,0.0
Магаданский,2025-03-04,0,0.0,0.0,0.0
Магаданский,2025-03-05,1,0.0,0.0,0.0
Магаданский,2025-03-06,0,0.0,0.0,0.0
Магаданский,2025-03-07,0,0.0,0.0,0.0
Магаданский,2025-03-08,0,0.0,0.0,0.0
Магаданский,2025-03-09,1,0.0,0.0,0.0
Магаданский,2025-03-10,1,0.0,0.0,0.0
Магаданский,2025-03-11,0,0.0,0.0,0.0
Магаданский,2025-03-12,2,0.0,0.0,0.0
Магаданский,2025-03-13,1,0.0,0.0,0.0
Магаданский,2025-03-14,0,0.0,0.0,0.0
Магаданский,2025-03-15,0,0.0,0.0,0.0
Магаданский,2025-03-16,0,0.0,0.0,0.0
Магаданский,2025-03-17,1,0.0,0.0,0.0
Магаданский,2025-03-18,1,0.0,0.0,0.0
Магаданский,2025-03-19,3,0.0,0.0,0.0
Магаданский,2025-03-20,0,0.0,0.0,0.0
Магаданский,2025-03-21,1,0.0,0.0,0.0
Магаданский,2025-03-22,1,0.0,0.0,0.0
Магаданский,2025-03-23,1,0.0,0.0,0.0
Магаданский,2025-03-25,1,0.0,0.0,0.0
Магаданский,2025-03-26,2,0.0,0.0,0.0
Магаданский,2025-03-27,2,0.0,0.0,0.0
Магаданский,2025-03-28,0,0.0,0.0,0.0
Магаданский,2025-03-29,1,0.0,0.0,0.0
Магаданский,2025-03-30,1,0.0,0.0,0.0
Магаданский,2025-04-01,1,0.0,0.0,0.0
Магаданский,2025-04-02,1,0.0,0.0,0.0
Магаданский,2025-04-03,1,0.0,0.0,0.0
Магаданский,2025-04-04,0,0.0,0.0,0.0
Магаданский,2025-04-07,1,0.0,0.0,0.0
Магаданский,2025-04-08,2,0.0,0.0,0.0
Магаданский,2025-04-09,0,0.0,0.0,0.0
Магаданский,2025-04-10,1,0.0,0.0,0.0
Магаданский,2025-04-11,0,0.0,0.0,0.0
Магаданский,2025-04-12,0,0.0,0.0,0.0
Магаданский,2025-04-13,1,0.0,0.0,0.0
Магаданский,2025-04-14,0,0.0,0.0,0.0
Магаданский,2025-04-15,2,0.0,0.0,0.0
Магаданский,2025-04-16,1,0.0,0.0,0.0
Магаданский,2025-04-17,4,0.0,0.0,0.0
Магаданский,2025-04-18,1,0.0,0.0,0.0
Магаданский,2025-04-20,1,0.0,0.0,0.0
Магаданский,2025-04-21,2,0.0,0.0,0.0
Магаданский,2025-04-23,2,0.0,0.0,0.0
Магаданский,2025-04-25,1,0.0,0.0,0.0
Магаданский,2025-04-26,0,0.0,0.0,0.0
Магаданский,2025-04-27,4,0.0,0.0,0.0
Магаданский,2025-04-28,2,0.0,0.0,0.0
Магаданский,2025-04-29,2,0.0,0.0,0.0
Магаданский,2025-04-30,2,0.0,0.0,0.0
Магаданский,2025-05-02,1,0.0,0.0,0.0
Магаданский,2025-05-03,4,0.0,0.0,0.0
Магаданский,2025-05-04,1,0.0,0.0,0.0
Магаданский,2025-05-05,1,0.0,0.0,0.0
Магаданский,2025-05-06,2,0.0,0.0,0.0
Магаданский,2025-05-07,3,0.0,0.0,0.0
Магаданский,2025-05-08,4,0.0,0.0,0.0
Магаданский,2025-05-09,4,0.0,0.0,0.0
Магаданский,2025-05-12,1,0.0,0.0,0.0
Магаданский,2025-05-13,3,0.0,0.0,0.0
Магаданский,2025-05-15,0,0.0,0.0,0.0
Магаданский,2025-05-16,0,0.0,0.0,0.0
Магаданский,2025-05-20,1,0.0,0.0,0.0
Магаданский,2025-05-22,0,0.0,0.0,0.0
Магаданский,2025-05-23,0,0.0,0.0,0.0
Магаданский,2025-05-24,0,0.0,0.0,0.0
Магаданский,2025-05-25,0,0.0,0.0,0.0
Магаданский,2025-05-26,2,0.0,0.0,0.0
Магаданский,2025-05-27,2,0.0,0.0,0.0
Магаданский,2025-05-28,2,0.0,0.0,0.0
Магаданский,2025-05-29,0,0.0,0.0,0.0
Магаданский,2025-05-30,0,0.0,0.0,0.0
Магаданский,2025-05-31,1,0.0,0.0,0.0
Магаданский,2025-06-01,0,0.0,0.0,0.0
Магаданский,2025-06-02,2,0.0,0.0,0.0
Магаданский,2025-06-03,3,0.0,0.0,0.0
Магаданский,2025-06-04,0,0.0,0.0,0.0
Магаданский,2025-06-05,3,0.0,0.0,0.0
Магаданский,2025-06-06,1,0.0,0.0,0.0
Магаданский,2025-06-07,0,0.0,0.0,0.0
Магаданский,2025-06-08,0,0.0,0.0,0.0
Магаданский,2025-06-09,0,0.0,0.0,0.0
Магаданский,2025-06-10,0,0.0,0.0,0.0
Магаданский,2025-06-11,3,0.0,0.0,0.0
Магаданский,2025-06-12,4,0.0,0.0,0.0
Магаданский,2025-06-13,1,0.0,0.0,0.0
Магаданский,2025-06-14,2,0.0,0.0,0.0
Магаданский,2025-06-15,0,0.0,0.0,0.0
Магаданский,2025-06-16,2,0.0,0.0,0.0
Магаданский,2025-06-17,5,0.0,0.0,0.0
Магаданский,2025-06-18,1,0.0,0.0,0.0
Магаданский,2025-06-19,1,0.0,0.0,0.0
Магаданский,2025-06-20,0,0.0,0.0,0.0
Магаданский,2025-06-21,0,0.0,0.0,0.0
Магаданский,2025-06-23,1,0.0,0.0,0.0
Магаданский,2025-06-24,1,0.0,0.0,0.0
Магаданский,2025-06-25,3,0.0,0.0,0.0
Магаданский,2025-06-26,1,0.0,0.0,0.0
Магаданский,2025-06-27,1,0.0,0.0,0.0
Магаданский,2025-06-28,1,0.0,0.0,0.0
Магаданский,2025-06-29,0,0.0,0.0,0.0
Магаданский,2025-07-01,1,0.0,0.0,0.0
Магаданский,2025-07-02,1,0.0,0.0,0.0
Магаданский,2025-07-03,2,0.0,0.0,0.0
Магаданский,2025-07-04,0,0.0,0.0,0.0
Магаданский,2025-07-06,2,0.0,0.0,0.0
Магаданский,2025-07-07,1,0.0,0.0,0.0
Магаданский,2025-07-08,4,0.0,0.0,0.0
Магаданский,2025-07-09,2,0.0,0.0,0.0
Магаданский,2025-07-10,0,0.0,0.0,0.0
Магаданский,2025-07-11,1,0.0,0.0,0.0
Магаданский,2025-07-12,0,0.0,0.0,0.0
Магаданский,2025-07-13,1,0.0,0.0,0.0
Магаданский,2025-07-14,2,0.0,0.0,0.0
Магаданский,2025-07-15,2,0.0,0.0,0.0
Магаданский,2025-07-16,3,0.0,0.0,0.0
Магаданский,2025-07-17,2,0.0,0.0,0.0
Магаданский,2025-07-18,3,0.0,0.0,0.0
Магаданский,2025-07-19,1,0.0,0.0,0.0
Магаданский,2025-07-20,1,0.0,0.0,0.0
Магаданский,2025-07-21,2,0.0,0.0,0.0
Магаданский,2025-07-22,1,0.0,0.0,0.0
Магаданский,2025-07-23,3,0.0,0.0,0.0
Магаданский,2025-07-24,2,0.0,0.0,0.0
Магаданский,2025-07-25,2,0.0,0.0,0.0
Магаданский,2025-07-26,2,0.0,0.0,0.0
Магаданский,2025-07-27,2,0.0,0.0,0.0
Магаданский,2025-07-28,4,0.0,0.0,0.0
Магаданский,2025-07-29,7,0.0,0.0,0.0
Магаданский,2025-07-30,4,0.0,0.0,0.0
Магаданский,2025-07-31,3,0.0,0.0,0.0
Московский,2025-01-01,3,0.0,0.0,0.0
Московский,2025-01-02,7,0.0,0.0,0.0
Московский,2025-01-03,20,0.0,0.0,0.0
Московский,2025-01-04,15,0.0,0.0,0.0
Московский,2025-01-05,15,0.0,0.0,0.0
Московский,2025-01-06,11,0.0,0.0,0.0
Московский,2025-01-07,8,0.0,0.0,0.0
Московский,2025-01-08,8,0.0,0.0,0.0
Московский,2025-01-09,12,0.0,0.0,0.0
Московский,2025-01-10,8,0.0,0.0,0.0
Московский,2025-01-11,9,0.0,0.0,0.0
Московский,2025-01-12,18,0.0,0.0,0.0
Московский,2025-01-13,12,0.0,0.0,0.0
Московский,2025-01-14,12,0.0,0.0,0.0
Московский,2025-01-15,20,0.0,0.0,0.0
Московский,2025-01-16,14,0.0,0.0,0.0
Московский,2025-01-17,16,0.0,0.0,0.0
Московский,2025-01-18,19,0.0,0.0,0.0
Московский,2025-01-19,20,0.0,0.0,0.0
Московский,2025-01-20,14,0.0,0.0,0.0
Московский,2025-01-21,18,0.0,0.0,0.0
Московский,2025-01-22,23,0.0,0.0,0.0
Московский,2025-01-23,25,0.0,0.0,0.0
Московский,2025-01-24,20,0.0,0.0,0.0
Московский,2025-01-25,23,0.0,0.0,0.0
Московский,2025-01-26,16,0.0,0.0,0.0
Московский,2025-01-27,12,0.0,0.0,0.0
Московский,2025-01-28,23,0.0,0.0,0.0
Московский,2025-01-29,23,0.0,0.0,0.0
Московский,2025-01-30,21,0.0,0.0,0.0
Московский,2025-01-31,21,0.0,0.0,0.0
Московский,2025-02-01,19,0.0,0.0,0.0
Московский,2025-02-02,26,0.0,0.0,0.0
Московский,2025-02-03,12,0.0,0.0,0.0
Московский,2025-02-04,21,0.0,0.0,0.0
Московский,2025-02-05,16,0.0,0.0,0.0
Московский,2025-02-06,27,0.0,0.0,0.0
Московский,2025-02-07,23,0.0,0.0,0.0
Московский,2025-02-08,31,0.0,0.0,0.0
Московский,2025-02-09,21,0.0,0.0,0.0
Московский,2025-02-10,12,0.0,0.0,0.0
Московский,2025-02-11,22,0.0,0.0,0.0
Московский,2025-02-12,29,0.0,0.0,0.0
Московский,2025-02-13,22,0.0,0.0,0.0
Московский,2025-02-14,24,0.0,0.0,0.0
Московский,2025-02-15,33,0.0,0.0,0.0
Московский,2025-02-16,17,0.0,0.0,0.0
Московский,2025-02-17,20,0.0,0.0,0.0
Московский,2025-02-18,18,0.0,0.0,0.0
Московский,2025-02-19,27,0.0,0.0,0.0
Московский,2025-02-20,26,0.0,0.0,0.0
Московский,2025-02-21,28,0.0,0.0,0.0
Московский,2025-02-22,37,0.0,0.0,0.0
Московский,2025-02-23,26,0.0,0.0,0.0
Московский,2025-02-24,19,0.0,0.0,0.0
Московский,2025-02-25,29,0.0,0.0,0.0
Московский,2025-02-26,32,0.0,0.0,0.0
Московский,2025-02-27,28,0.0,0.0,0.0
Московский,2025-02-28,22,0.0,0.0,0.0
Московский,2025-03-01,35,0.0,0.0,0.0
Московский,2025-03-02,20,0.0,0.0,0.0
Московский,2025-03-03,12,0.0,0.0,0.0
Московский,2025-03-04,13,0.0,0.0,0.0
Московский,2025-03-05,15,0.0,0.0,0.0
Московский,2025-03-06,15,0.0,0.0,0.0
Московский,2025-03-07,16,0.0,0.0,0.0
Московский,2025-03-08,26,0.0,0.0,0.0
Московский,2025-03-09,26,0.0,0.0,0.0
Московский,2025-03-10,24,0.0,0.0,0.0
Московский,2025-03-11,21,0.0,0.0,0.0
Московский,2025-03-12,24,0.0,0.0,0.0
Московский,2025-03-13,22,0.0,0.0,0.0
Московский,2025-03-14,9,0.0,0.0,0.0
Московский,2025-03-15,21,0.0,0.0,0.0
Московский,2025-03-16,24,0.0,0.0,0.0
Московский,2025-03-17,15,0.0,0.0,0.0
Московский,2025-03-18,22,0.0,0.0,0.0
Московский,2025-03-19,17,0.0,0.0,0.0
Московский,2025-03-20,21,0.0,0.0,0.0
Московский,2025-03-21,23,0.0,0.0,0.0
Московский,2025-03-22,23,0.0,0.0,0.0
Московский,2025-03-23,20,0.0,0.0,0.0
Московский,2025-03-24,18,0.0,0.0,0.0
Московский,2025-03-25,18,0.0,0.0,0.0
Московский,2025-03-26,21,0.0,0.0,0.0
Московский,2025-03-27,19,0.0,0.0,0.0
Московский,2025-03-28,24,0.0,0.0,0.0
Московский,2025-03-29,18,0.0,0.0,0.0
Московский,2025-03-30,18,0.0,0.0,0.0
Московский,2025-03-31,23,0.0,0.0,0.0
Московский,2025-04-01,29,0.0,0.0,0.0
Московский,2025-04-02,26,0.0,0.0,0.0
Московский,2025-04-03,33,0.0,0.0,0.0
Московский,2025-04-04,18,0.0,0.0,0.0
Московский,2025-04-05,29,0.0,0.0,0.0
Московский,2025-04-06,9,0.0,0.0,0.0
Московский,2025-04-07,9,0.0,0.0,0.0
Московский,2025-04-08,14,0.0,0.0,0.0
Московский,2025-04-09,18,0.0,0.0,0.0
Московский,2025-04-10,35,0.0,0.0,0.0
Московский,2025-04-11,24,0.0,0.0,0.0
Московский,2025-04-12,18,0.0,0.0,0.0
Московский,2025-04-13,19,0.0,0.0,0.0
Московский,2025-04-14,25,0.0,0.0,0.0
Московский,2025-04-15,27,0.0,0.0,0.0
Московский,2025-04-16,39,0.0,0.0,0.0
Московский,2025-04-17,33,0.0,0.0,0.0
Московский,2025-04-18,42,0.0,0.0,0.0
Московский,2025-04-19,32,0.0,0.0,0.0
Московский,2025-04-20,24,0.0,0.0,0.0
Московский,2025-04-21,21,0.0,0.0,0.0
Московский,2025-04-22,26,0.0,0.0,0.0
Московский,2025-04-23,37,0.0,0.0,0.0
Московский,2025-04-24,34,0.0,0.0,0.0
Московский,2025-04-25,29,0.0,0.0,0.0
Московский,2025-04-26,24,0.0,0.0,0.0
Московский,2025-04-27,13,0.0,0.0,0.0
Московский,2025-04-28,18,0.0,0.0,0.0
Московский,2025-04-29,15,0.0,0.0,0.0
Московский,2025-04-30,26,0.0,0.0,0.0
Московский,2025-05-01,19,0.0,0.0,0.0
Московский,2025-05-02,19,0.0,0.0,0.0
Московский,2025-05-03,30,0.0,0.0,0.0
Московский,2025-05-04,26,0.0,0.0,0.0
Московский,2025-05-05,16,0.0,0.0,0.0
Московский,2025-05-06,33,0.0,0.0,0.0
Московский,2025-05-07,15,0.0,0.0,0.0
Московский,2025-05-08,15,0.0,0.0,0.0
Московский,2025-05-09,8,0.0,0.0,0.0
Московский,2025-05-10,28,0.0,0.0,0.0
Московский,2025-05-11,14,0.0,0.0,0.0
Московский,2025-05-12,29,0.0,0.0,0.0
Московский,2025-05-13,20,0.0,0.0,0.0
Московский,2025-05-14,40,0.0,0.0,0.0
Московский,2025-05-15,38,0.0,0.0,0.0
Московский,2025-05-16,39,0.0,0.0,0.0
Московский,2025-05-17,53,0.0,0.0,0.0
Московский,2025-05-18,30,0.0,0.0,0.0
Московский,2025-05-19,29,0.0,0.0,0.0
Московский,2025-05-20,34,0.0,0.0,0.0
Московский,2025-05-21,21,0.0,0.0,0.0
Московский,2025-05-22,35,0.0,0.0,0.0
Московский,2025-05-23,40,0.0,0.0,0.0
Московский,2025-05-24,47,0.0,0.0,0.0
Московский,2025-05-25,25,0.0,0.0,0.0
Московский,2025-05-26,16,0.0,0.0,0.0
Московский,2025-05-27,37,0.0,0.0,0.0
Московский,2025-05-28,44,0.0,0.0,0.0
Московский,2025-05-29,38,0.0,0.0,0.0
Московский,2025-05-30,37,0.0,0.0,0.0
Московский,2025-05-31,42,0.0,0.0,0.0
Московский,2025-06-01,29,0.0,0.0,0.0
Московский,2025-06-02,25,0.0,0.0,0.0
Московский,2025-06-03,35,0.0,0.0,0.0
Московский,2025-06-04,33,0.0,0.0,0.0
Московский,2025-06-05,60,0.0,0.0,0.0
Московский,2025-06-06,32,0.0,0.0,0.0
Московский,2025-06-07,38,0.0,0.0,0.0
Московский,2025-06-08,33,0.0,0.0,0.0
Московский,2025-06-09,27,0.0,0.0,0.0
Московский,2025-06-10,45,0.0,0.0,0.0
Московский,2025-06-11,54,0.0,0.0,0.0
Московский,2025-06-12,53,0.0,0.0,0.0
Московский,2025-06-13,21,0.0,0.0,0.0
Московский,2025-06-14,15,0.0,0.0,0.0
Московский,2025-06-15,31,0.0,0.0,0.0
Московский,2025-06-16,36,0.0,0.0,0.0
Московский,2025-06-17,29,0.0,0.0,0.0
Московский,2025-06-18,41,0.0,0.0,0.0
Московский,2025-06-19,20,0.0,0.0,0.0
Московский,2025-06-20,29,0.0,0.0,0.0
Московский,2025-06-21,39,0.0,0.0,0.0
Московский,2025-06-22,57,0.0,0.0,0.0
Московский,2025-06-23,44,0.0,0.0,0.0
Московский,2025-06-24,32,0.0,0.0,0.0
Московский,2025-06-25,31,0.0,0.0,0.0
Московский,2025-06-26,29,0.0,0.0,0.0
Московский,2025-06-27,32,0.0,0.0,0.0
Московский,2025-06-28,66,0.0,0.0,0.0
Московский,2025-06-29,39,0.0,0.0,0.0
Московский,2025-06-30,13,0.0,0.0,0.0
Московский,2025-07-01,16,0.0,0.0,0.0
Московский,2025-07-02,26,0.0,0.0,0.0
Московский,2025-07-03,50,0.0,0.0,0.0
Московский,2025-07-04,43,0.0,0.0,0.0
Московский,2025-07-05,20,0.0,0.0,0.0
Московский,2025-07-06,25,0.0,0.0,0.0
Московский,2025-07-07,43,0.0,0.0,0.0
Московский,2025-07-08,37,0.0,0.0,0.0
Московский,2025-07-09,45,0.0,0.0,0.0
Московский,2025-07-10,45,0.0,0.0,0.0
Московский,2025-07-11,46,0.0,0.0,0.0
Московский,2025-07-12,58,0.0,0.0,0.0
Московский,2025-07-13,51,0.0,0.0,0.0
Московский,2025-07-14,26,0.0,0.0,0.0
Московский,2025-07-15,46,0.0,0.0,0.0
Московский,2025-07-16,43,0.0,0.0,0.0
Московский,2025-07-17,54,0.0,0.0,0.0
Московский,2025-07-18,33,0.0,0.0,0.0
Московский,2025-07-19,34,0.0,0.0,0.0
Московский,2025-07-20,20,0.0,0.0,0.0
Московский,2025-07-21,13,0.0,0.0,0.0
Московский,2025-07-22,33,0.0,0.0,0.0
Московский,2025-07-23,39,0.0,0.0,0.0
Московский,2025-07-24,50,0.0,0.0,0.0
Московский,2025-07-25,58,0.0,0.0,0.0
Московский,2025-07-26,61,0.0,0.0,0.0
Московский,2025-07-27,53,0.0,0.0,0.0
Московский,2025-07-28,41,0.0,0.0,0.0
Московский,2025-07-29,48,0.0,0.0,0.0
Московский,2025-07-30,47,0.0,0.0,0.0
Московский,2025-07-31,47,0.0,0.0,0.0
Новосибирский,2025-01-01,3,0.0,0.0,0.0
Новосибирский,2025-01-02,3,0.0,0.0,0.0
Новосибирский,2025-01-03,3,0.0,0.0,0.0
Новосибирский,2025-01-04,5,0.0,0.0,0.0
Новосибирский,2025-01-05,2,0.0,0.0,0.0
Новосибирский,2025-01-06,6,0.0,0.0,0.0
Новосибирский,2025-01-07,6,0.0,0.0,0.0
Новосибирский,2025-01-08,4,0.0,0.0,0.0
Новосибирский,2025-01-09,12,0.0,0.0,0.0
Новосибирский,2025-01-10,5,0.0,0.0,0.0
Новосибирский,2025-01-11,3,0.0,0.0,0.0
Новосибирский,2025-01-12,3,0.0,0.0,0.0
Новосибирский,2025-01-13,5,0.0,0.0,0.0
Новосибирский,2025-01-14,4,0.0,0.0,0.0
Новосибирский,2025-01-15,11,0.0,0.0,0.0
Новосибирский,2025-01-16,8,0.0,0.0,0.0
Новосибирский,2025-01-17,5,0.0,0.0,0.0
Новосибирский,2025-01-18,3,0.0,0.0,0.0
Новосибирский,2025-01-19,6,0.0,0.0,0.0
Новосибирский,2025-01-20,9,0.0,0.0,0.0
Новосибирский,2025-01-21,9,0.0,0.0,0.0
Новосибирский,2025-01-22,9,0.0,0.0,0.0
Новосибирский,2025-01-23,10,0.0,0.0,0.0
Новосибирский,2025-01-24,8,0.0,0.0,0.0
Новосибирский,2025-01-25,4,0.0,0.0,0.0
Новосибирский,2025-01-26,6,0.0,0.0,0.0
Новосибирский,2025-01-27,11,0.0,0.0,0.0
Новосибирский,2025-01-28,11,0.0,0.0,0.0
Новосибирский,2025-01-29,13,0.0,0.0,0.0
Новосибирский,2025-01-30,11,0.0,0.0,0.0
Новосибирский,2025-01-31,8,0.0,0.0,0.0
Новосибирский,2025-02-01,3,0.0,0.0,0.0
Новосибирский,2025-02-02,4,0.0,0.0,0.0
Новосибирский,2025-02-03,10,0.0,0.0,0.0
Новосибирский,2025-02-04,6,0.0,0.0,0.0
Новосибирский,2025-02-05,12,0.0,0.0,0.0
Новосибирский,2025-02-06,8,0.0,0.0,0.0
Новосибирский,2025-02-07,7,0.0,0.0,0.0
Новосибирский,2025-02-08,5,0.0,0.0,0.0
Новосибирский,2025-02-09,3,0.0,0.0,0.0
Новосибирский,2025-02-10,13,0.0,0.0,0.0
Новосибирский,2025-02-11,10,0.0,0.0,0.0
Новосибирский,2025-02-12,15,0.0,0.0,0.0
Новосибирский,2025-02-13,9,0.0,0.0,0.0
Новосибирский,2025-02-14,15,0.0,0.0,0.0
Новосибирский,2025-02-15,5,0.0,0.0,0.0
Новосибирский,2025-02-16,6,0.0,0.0,0.0
Новосибирский,2025-02-17,21,0.0,0.0,0.0
Новосибирский,2025-02-18,13,0.0,0.0,0.0
Новосибирский,2025-02-19,21,0.0,0.0,0.0
Новосибирский,2025-02-20,15,0.0,0.0,0.0
Новосибирский,2025-02-21,16,0.0,0.0,0.0
Новосибирский,2025-02-22,9,0.0,0.0,0.0
Новосибирский,2025-02-23,6,0.0,0.0,0.0
Новосибирский,2025-02-24,17,0.0,0.0,0.0
Новосибирский,2025-02-25,17,0.0,0.0,0.0
Новосибирский,2025-02-26,18,0.0,0.0,0.0
Новосибирский,2025-02-27,23,0.0,0.0,0.0
Новосибирский,2025-02-28,9,0.0,0.0,0.0
Новосибирский,2025-03-01,4,0.0,0.0,0.0
Новосибирский,2025-03-02,4,0.0,0.0,0.0
Новосибирский,2025-03-03,12,0.0,0.0,0.0
Новосибирский,2025-03-04,13,0.0,0.0,0.0
Новосибирский,2025-03-05,18,0.0,0.0,0.0
Новосибирский,2025-03-06,19,0.0,0.0,0.0
Новосибирский,2025-03-07,8,0.0,0.0,0.0
Новосибирский,2025-03-08,3,0.0,0.0,0.0
Новосибирский,2025-03-09,9,0.0,0.0,0.0
Новосибирский,2025-03-10,14,0.0,0.0,0.0
Новосибирский,2025-03-11,17,0.0,0.0,0.0
Новосибирский,2025-03-12,20,0.0,0.0,0.0
Новосибирский,2025-03-13,16,0.0,0.0,0.0
Новосибирский,2025-03-14,14,0.0,0.0,0.0
Новосибирский,2025-03-15,11,0.0,0.0,0.0
Новосибирский,2025-03-16,9,0.0,0.0,0.0
Новосибирский,2025-03-17,22,0.0,0.0,0.0
Новосибирский,2025-03-18,14,0.0,0.0,0.0
Новосибирский,2025-03-19,27,0.0,0.0,0.0
Новосибирский,2025-03-20,16,0.0,0.0,0.0
Новосибирский,2025-03-21,17,0.0,0.0,0.0
Новосибирский,2025-03-22,10,0.0,0.0,0.0
Новосибирский,2025-03-23,8,0.0,0.0,0.0
Новосибирский,2025-03-24,12,0.0,0.0,0.0
Новосибирский,2025-03-25,18,0.0,0.0,0.0
Новосибирский,2025-03-26,23,0.0,0.0,0.0
Новосибирский,2025-03-27,23,0.0,0.0,0.0
Новосибирский,2025-03-28,17,0.0,0.0,0.0
Новосибирский,2025-03-29,11,0.0,0.0,0.0
Новосибирский,2025-03-30,9,0.0,0.0,0.0
Новосибирский,2025-03-31,13,0.0,0.0,0.0
Новосибирский,2025-04-01,13,0.0,0.0,0.0
Новосибирский,2025-04-02,21,0.0,0.0,0.0
Новосибирский,2025-04-03,14,0.0,0.0,0.0
Новосибирский,2025-04-04,11,0.0,0.0,0.0
Новосибирский,2025-04-05,9,0.0,0.0,0.0
Новосибирский,2025-04-06,7,0.0,0.0,0.0
Новосибирский,2025-04-07,19,0.0,0.0,0.0
Новосибирский,2025-04-08,16,0.0,0.0,0.0
Новосибирский,2025-04-09,22,0.0,0.0,0.0
Новосибирский,2025-04-10,23,0.0,0.0,0.0
Новосибирский,2025-04-11,21,0.0,0.0,0.0
Новосибирский,2025-04-12,16,0.0,0.0,0.0
Новосибирский,2025-04-13,17,0.0,0.0,0.0
Новосибирский,2025-04-14,26,0.0,0.0,0.0
Новосибирский,2025-04-15,23,0.0,0.0,0.0
Новосибирский,2025-04-16,25,0.0,0.0,0.0
Новосибирский,2025-04-17,14,0.0,0.0,0.0
Новосибирский,2025-04-18,9,0.0,0.0,0.0
Новосибирский,2025-04-19,8,0.0,0.0,0.0
Новосибирский,2025-04-20,8,0.0,0.0,0.0
Новосибирский,2025-04-21,12,0.0,0.0,0.0
Новосибирский,2025-04-22,28,0.0,0.0,0.0
Новосибирский,2025-04-23,31,0.0,0.0,0.0
Новосибирский,2025-04-24,25,0.0,0.0,0.0
Новосибирский,2025-04-25,29,0.0,0.0,0.0
Новосибирский,2025-04-26,16,0.0,0.0,0.0
Новосибирский,2025-04-27,14,0.0,0.0,0.0
Новосибирский,2025-04-28,18,0.0,0.0,0.0
Новосибирский,2025-04-29,26,0.0,0.0,0.0
Новосибирский,2025-04-30,27,0.0,0.0,0.0
Новосибирский,2025-05-01,19,0.0,0.0,0.0
Новосибирский,2025-05-02,18,0.0,0.0,0.0
Новосибирский,2025-05-03,17,0.0,0.0,0.0
Новосибирский,2025-05-04,18,0.0,0.0,0.0
Новосибирский,2025-05-05,17,0.0,0.0,0.0
Новосибирский,2025-05-06,24,0.0,0.0,0.0
Новосибирский,2025-05-07,31,0.0,0.0,0.0
Новосибирский,2025-05-08,19,0.0,0.0,0.0
Новосибирский,2025-05-09,21,0.0,0.0,0.0
Новосибирский,2025-05-10,17,0.0,0.0,0.0
Новосибирский,2025-05-11,17,0.0,0.0,0.0
Новосибирский,2025-05-12,36,0.0,0.0,0.0
Новосибирский,2025-05-13,20,0.0,0.0,0.0
Новосибирский,2025-05-14,31,0.0,0.0,0.0
Новосибирский,2025-05-15,31,0.0,0.0,0.0
Новосибирский,2025-05-16,28,0.0,0.0,0.0
Новосибирский,2025-05-17,30,0.0,0.0,0.0
Новосибирский,2025-05-18,14,0.0,0.0,0.0
Новосибирский,2025-05-19,18,0.0,0.0,0.0
Новосибирский,2025-05-20,37,0.0,0.0,0.0
Новосибирский,2025-05-21,25,0.0,0.0,0.0
Новосибирский,2025-05-22,30,0.0,0.0,0.0
Новосибирский,2025-05-23,26,0.0,0.0,0.0
Новосибирский,2025-05-24,14,0.0,0.0,0.0
Новосибирский,2025-05-25,17,0.0,0.0,0.0
Новосибирский,2025-05-26,31,0.0,0.0,0.0
Новосибирский,2025-05-27,23,0.0,0.0,0.0
Новосибирский,2025-05-28,21,0.0,0.0,0.0
Новосибирский,2025-05-29,33,0.0,0.0,0.0
Новосибирский,2025-05-30,27,0.0,0.0,0.0
Новосибирский,2025-05-31,17,0.0,0.0,0.0
Новосибирский,2025-06-01,20,0.0,0.0,0.0
Новосибирский,2025-06-02,35,0.0,0.0,0.0
Новосибирский,2025-06-03,29,0.0,0.0,0.0
Новосибирский,2025-06-04,30,0.0,0.0,0.0
Новосибирский,2025-06-05,29,0.0,0.0,0.0
Новосибирский,2025-06-06,31,0.0,0.0,0.0
Новосибирский,2025-06-07,22,0.0,0.0,0.0
Новосибирский,2025-06-08,17,0.0,0.0,0.0
Новосибирский,2025-06-09,35,0.0,0.0,0.0
Новосибирский,2025-06-10,36,0.0,0.0,0.0
Новосибирский,2025-06-11,25,0.0,0.0,0.0
Новосибирский,2025-06-12,21,0.0,0.0,0.0
Новосибирский,2025-06-13,30,0.0,0.0,0.0
Новосибирский,2025-06-14,28,0.0,0.0,0.0
Новосибирский,2025-06-15,18,0.0,0.0,0.0
Новосибирский,2025-06-16,28,0.0,0.0,0.0
Новосибирский,2025-06-17,33,0.0,0.0,0.0
Новосибирский,2025-06-18,34,0.0,0.0,0.0
Новосибирский,2025-06-19,37,0.0,0.0,0.0
Новосибирский,2025-06-20,23,0.0,0.0,0.0
Новосибирский,2025-06-21,12,0.0,0.0,0.0
Новосибирский,2025-06-22,14,0.0,0.0,0.0
Новосибирский,2025-06-23,31,0.0,0.0,0.0
Новосибирский,2025-06-24,27,0.0,0.0,0.0
Новосибирский,2025-06-25,35,0.0,0.0,0.0
Новосибирский,2025-06-26,38,0.0,0.0,0.0
Новосибирский,2025-06-27,28,0.0,0.0,0.0
Новосибирский,2025-06-28,25,0.0,0.0,0.0
Новосибирский,2025-06-29,24,0.0,0.0,0.0
Новосибирский,2025-06-30,23,0.0,0.0,0.0
Новосибирский,2025-07-01,26,0.0,0.0,0.0
Новосибирский,2025-07-02,33,0.0,0.0,0.0
Новосибирский,2025-07-03,33,0.0,0.0,0.0
Новосибирский,2025-07-04,31,0.0,0.0,0.0
Новосибирский,2025-07-05,16,0.0,0.0,0.0
Новосибирский,2025-07-06,11,0.0,0.0,0.0
Новосибирский,2025-07-07,24,0.0,0.0,0.0
Новосибирский,2025-07-08,31,0.0,0.0,0.0
Новосибирский,2025-07-09,44,0.0,0.0,0.0
Новосибирский,2025-07-10,43,0.0,0.0,0.0
Новосибирский,2025-07-11,27,0.0,0.0,0.0
Новосибирский,2025-07-12,22,0.0,0.0,0.0
Новосибирский,2025-07-13,18,0.0,0.0,0.0
Новосибирский,2025-07-14,16,0.0,0.0,0.0
Новосибирский,2025-07-15,33,0.0,0.0,0.0
Новосибирский,2025-07-16,43,0.0,0.0,0.0
Новосибирский,2025-07-17,38,0.0,0.0,0.0
Новосибирский,2025-07-18,32,0.0,0.0,0.0
Новосибирский,2025-07-19,17,0.0,0.0,0.0
Новосибирский,2025-07-20,16,0.0,0.0,0.0
Новосибирский,2025-07-21,28,0.0,0.0,0.0
Новосибирский,2025-07-22,29,0.0,0.0,0.0
Новосибирский,2025-07-23,22,0.0,0.0,0.0
Новосибирский,2025-07-24,34,0.0,0.0,0.0
Новосибирский,2025-07-25,34,0.0,0.0,0.0
Новосибирский,2025-07-26,19,0.0,0.0,0.0
Новосибирский,2025-07-27,10,0.0,0.0,0.0
Новосибирский,2025-07-28,22,0.0,0.0,0.0
Новосибирский,2025-07-29,28,0.0,0.0,0.0
Новосибирский,2025-07-30,34,0.0,0.0,0.0
Новосибирский,2025-07-31,18,0.0,0.0,0.0
Ростовский,2025-01-01,5,0.0,0.0,0.0
Ростовский,2025-01-02,7,0.0,0.0,0.0
Ростовский,2025-01-03,8,0.0,0.0,0.0
Ростовский,2025-01-04,5,0.0,0.0,0.0
Ростовский,2025-01-05,6,0.0,0.0,0.0
Ростовский,2025-01-06,10,0.0,0.0,0.0
Ростовский,2025-01-07,9,0.0,0.0,0.0
Ростовский,2025-01-08,7,0.0,0.0,0.0
Ростовский,2025-01-09,8,0.0,0.0,0.0
Ростовский,2025-01-10,11,0.0,0.0,0.0
Ростовский,2025-01-11,11,0.0,0.0,0.0
Ростовский,2025-01-12,8,0.0,0.0,0.0
Ростовский,2025-01-13,6,0.0,0.0,0.0
Ростовский,2025-01-14,6,0.0,0.0,0.0
Ростовский,2025-01-15,12,0.0,0.0,0.0
Ростовский,2025-01-16,12,0.0,0.0,0.0
Ростовский,2025-01-17,9,0.0,0.0,0.0
Ростовский,2025-01-18,6,0.0,0.0,0.0
Ростовский,2025-01-19,4,0.0,0.0,0.0
Ростовский,2025-01-20,14,0.0,0.0,0.0
Ростовский,2025-01-21,14,0.0,0.0,0.0
Ростовский,2025-01-22,12,0.0,0.0,0.0
Ростовский,2025-01-23,8,0.0,0.0,0.0
Ростовский,2025-01-24,14,0.0,0.0,0.0
Ростовский,2025-01-25,10,0.0,0.0,0.0
Ростовский,2025-01-26,11,0.0,0.0,0.0
Ростовский,2025-01-27,10,0.0,0.0,0.0
Ростовский,2025-01-28,17,0.0,0.0,0.0
Ростовский,2025-01-29,15,0.0,0.0,0.0
Ростовский,2025-01-30,19,0.0,0.0,0.0
Ростовский,2025-01-31,12,0.0,0.0,0.0
Ростовский,2025-02-01,14,0.0,0.0,0.0
Ростовский,2025-02-02,14,0.0,0.0,0.0
Ростовский,2025-02-03,9,0.0,0.0,0.0
Ростовский,2025-02-04,8,0.0,0.0,0.0
Ростовский,2025-02-05,16,0.0,0.0,0.0
Ростовский,2025-02-06,6,0.0,0.0,0.0
Ростовский,2025-02-07,7,0.0,0.0,0.0
Ростовский,2025-02-08,5,0.0,0.0,0.0
Ростовский,2025-02-09,6,0.0,0.0,0.0
Ростовский,2025-02-10,9,0.0,0.0,0.0
Ростовский,2025-02-11,13,0.0,0.0,0.0
Ростовский,2025-02-12,23,0.0,0.0,0.0
Ростовский,2025-02-13,15,0.0,0.0,0.0
Ростовский,2025-02-14,15,0.0,0.0,0.0
Ростовский,2025-02-15,15,0.0,0.0,0.0
Ростовский,2025-02-16,4,0.0,0.0,0.0
Ростовский,2025-02-17,14,0.0,0.0,0.0
Ростовский,2025-02-18,7,0.0,0.0,0.0
Ростовский,2025-02-19,10,0.0,0.0,0.0
Ростовский,2025-02-20,9,0.0,0.0,0.0
Ростовский,2025-02-21,9,0.0,0.0,0.0
Ростовский,2025-02-22,8,0.0,0.0,0.0
Ростовский,2025-02-23,8,0.0,0.0,0.0
Ростовский,2025-02-24,5,0.0,0.0,0.0
Ростовский,2025-02-25,5,0.0,0.0,0.0
Ростовский,2025-02-26,10,0.0,0.0,0.0
Ростовский,2025-02-27,13,0.0,0.0,0.0
Ростовский,2025-02-28,6,0.0,0.0,0.0
Ростовский,2025-03-01,10,0.0,0.0,0.0
Ростовский,2025-03-02,11,0.0,0.0,0.0
Ростовский,2025-03-03,10,0.0,0.0,0.0
Ростовский,2025-03-04,9,0.0,0.0,0.0
Ростовский,2025-03-05,7,0.0,0.0,0.0
Ростовский,2025-03-06,4,0.0,0.0,0.0
Ростовский,2025-03-07,7,0.0,0.0,0.0
Ростовский,2025-03-08,11,0.0,0.0,0.0
Ростовский,2025-03-09,4,0.0,0.0,0.0
Ростовский,2025-03-10,11,0.0,0.0,0.0
Ростовский,2025-03-11,14,0.0,0.0,0.0
Ростовский,2025-03-12,17,0.0,0.0,0.0
Ростовский,2025-03-13,18,0.0,0.0,0.0
Ростовский,2025-03-14,15,0.0,0.0,0.0
Ростовский,2025-03-15,13,0.0,0.0,0.0
Ростовский,2025-03-16,12,0.0,0.0,0.0
Ростовский,2025-03-17,12,0.0,0.0,0.0
Ростовский,2025-03-18,15,0.0,0.0,0.0
Ростовский,2025-03-19,12,0.0,0.0,0.0
Ростовский,2025-03-20,8,0.0,0.0,0.0
Ростовский,2025-03-21,8,0.0,0.0,0.0
Ростовский,2025-03-22,5,0.0,0.0,0.0
Ростовский,2025-03-23,6,0.0,0.0,0.0
Ростовский,2025-03-24,14,0.0,0.0,0.0
Ростовский,2025-03-25,21,0.0,0.0,0.0
Ростовский,2025-03-26,15,0.0,0.0,0.0
Ростовский,2025-03-27,15,0.0,0.0,0.0
Ростовский,2025-03-28,17,0.0,0.0,0.0
Ростовский,2025-03-29,8,0.0,0.0,0.0
Ростовский,2025-03-30,12,0.0,0.0,0.0
Ростовский,2025-03-31,11,0.0,0.0,0.0
Ростовский,2025-04-01,14,0.0,0.0,0.0
Ростовский,2025-04-02,21,0.0,0.0,0.0
Ростовский,2025-04-03,13,0.0,0.0,0.0
Ростовский,2025-04-04,16,0.0,0.0,0.0
Ростовский,2025-04-05,7,0.0,0.0,0.0
Ростовский,2025-04-06,13,0.0,0.0,0.0
Ростовский,2025-04-07,13,0.0,0.0,0.0
Ростовский,2025-04-08,14,0.0,0.0,0.0
Ростовский,2025-04-09,19,0.0,0.0,0.0
Ростовский,2025-04-10,17,0.0,0.0,0.0
Ростовский,2025-04-11,14,0.0,0.0,0.0
Ростовский,2025-04-12,5,0.0,0.0,0.0
Ростовский,2025-04-13,12,0.0,0.0,0.0
Ростовский,2025-04-14,15,0.0,0.0,0.0
Ростовский,2025-04-15,10,0.0,0.0,0.0
Ростовский,2025-04-16,13,0.0,0.0,0.0
Ростовский,2025-04-17,17,0.0,0.0,0.0
Ростовский,2025-04-18,19,0.0,0.0,0.0
Ростовский,2025-04-19,8,0.0,0.0,0.0
Ростовский,2025-04-20,5,0.0,0.0,0.0
Ростовский,2025-04-21,8,0.0,0.0,0.0
Ростовский,2025-04-22,12,0.0,0.0,0.0
Ростовский,2025-04-23,18,0.0,0.0,0.0
Ростовский,2025-04-24,11,0.0,0.0,0.0
Ростовский,2025-04-25,13,0.0,0.0,0.0
Ростовский,2025-04-26,7,0.0,0.0,0.0
Ростовский,2025-04-27,2,0.0,0.0,0.0
Ростовский,2025-04-28,10,0.0,0.0,0.0
Ростовский,2025-04-29,11,0.0,0.0,0.0
Ростовский,2025-04-30,14,0.0,0.0,0.0
Ростовский,2025-05-01,18,0.0,0.0,0.0
Ростовский,2025-05-02,8,0.0,0.0,0.0
Ростовский,2025-05-03,5,0.0,0.0,0.0
Ростовский,2025-05-04,12,0.0,0.0,0.0
Ростовский,2025-05-05,16,0.0,0.0,0.0
Ростовский,2025-05-06,14,0.0,0.0,0.0
Ростовский,2025-05-07,18,0.0,0.0,0.0
Ростовский,2025-05-08,9,0.0,0.0,0.0
Ростовский,2025-05-09,12,0.0,0.0,0.0
Ростовский,2025-05-10,17,0.0,0.0,0.0
Ростовский,2025-05-11,11,0.0,0.0,0.0
Ростовский,2025-05-12,20,0.0,0.0,0.0
Ростовский,2025-05-13,12,0.0,0.0,0.0
Ростовский,2025-05-14,15,0.0,0.0,0.0
Ростовский,2025-05-15,22,0.0,0.0,0.0
Ростовский,2025-05-16,24,0.0,0.0,0.0
Ростовский,2025-05-17,11,0.0,0.0,0.0
Ростовский,2025-05-18,8,0.0,0.0,0.0
Ростовский,2025-05-19,4,0.0,0.0,0.0
Ростовский,2025-05-20,16,0.0,0.0,0.0
Ростовский,2025-05-21,16,0.0,0.0,0.0
Ростовский,2025-05-22,30,0.0,0.0,0.0
Ростовский,2025-05-23,19,0.0,0.0,0.0
Ростовский,2025-05-24,10,0.0,0.0,0.0
Ростовский,2025-05-25,9,0.0,0.0,0.0
Ростовский,2025-05-26,10,0.0,0.0,0.0
Ростовский,2025-05-27,11,0.0,0.0,0.0
Ростовский,2025-05-28,13,0.0,0.0,0.0
Ростовский,2025-05-29,16,0.0,0.0,0.0
Ростовский,2025-05-30,17,0.0,0.0,0.0
Ростовский,2025-05-31,16,0.0,0.0,0.0
Ростовский,2025-06-01,21,0.0,0.0,0.0
Ростовский,2025-06-02,11,0.0,0.0,0.0
Ростовский,2025-06-03,16,0.0,0.0,0.0
Ростовский,2025-06-04,24,0.0,0.0,0.0
Ростовский,2025-06-05,20,0.0,0.0,0.0
Ростовский,2025-06-06,29,0.0,0.0,0.0
Ростовский,2025-06-07,24,0.0,0.0,0.0
Ростовский,2025-06-08,25,0.0,0.0,0.0
Ростовский,2025-06-09,31,0.0,0.0,0.0
Ростовский,2025-06-10,32,0.0,0.0,0.0
Ростовский,2025-06-11,19,0.0,0.0,0.0
Ростовский,2025-06-12,15,0.0,0.0,0.0
Ростовский,2025-06-13,12,0.0,0.0,0.0
Ростовский,2025-06-14,8,0.0,0.0,0.0
Ростовский,2025-06-15,8,0.0,0.0,0.0
Ростовский,2025-06-16,13,0.0,0.0,0.0
Ростовский,2025-06-17,16,0.0,0.0,0.0
Ростовский,2025-06-18,14,0.0,0.0,0.0
Ростовский,2025-06-19,9,0.0,0.0,0.0
Ростовский,2025-06-20,21,0.0,0.0,0.0
Ростовский,2025-06-21,14,0.0,0.0,0.0
Ростовский,2025-06-22,17,0.0,0.0,0.0
Ростовский,2025-06-23,24,0.0,0.0,0.0
Ростовский,2025-06-24,9,0.0,0.0,0.0
Ростовский,2025-06-25,30,0.0,0.0,0.0
Ростовский,2025-06-26,21,0.0,0.0,0.0
Ростовский,2025-06-27,11,0.0,0.0,0.0
Ростовский,2025-06-28,20,0.0,0.0,0.0
Ростовский,2025-06-29,15,0.0,0.0,0.0
Ростовский,2025-06-30,16,0.0,0.0,0.0
Ростовский,2025-07-01,17,0.0,0.0,0.0
Ростовский,2025-07-02,21,0.0,0.0,0.0
Ростовский,2025-07-03,27,0.0,0.0,0.0
Ростовский,2025-07-04,27,0.0,0.0,0.0
Ростовский,2025-07-05,22,0.0,0.0,0.0
Ростовский,2025-07-06,17,0.0,0.0,0.0
Ростовский,2025-07-07,23,0.0,0.0,0.0
Ростовский,2025-07-08,14,0.0,0.0,0.0
Ростовский,2025-07-09,28,0.0,0.0,0.0
Ростовский,2025-07-10,17,0.0,0.0,0.0
Ростовский,2025-07-11,24,0.0,0.0,0.0
Ростовский,2025-07-12,15,0.0,0.0,0.0
Ростовский,2025-07-13,16,0.0,0.0,0.0
Ростовский,2025-07-14,17,0.0,0.0,0.0
Ростовский,2025-07-15,21,0.0,0.0,0.0
Ростовский,2025-07-16,21,0.0,0.0,0.0
Ростовский,2025-07-17,16,0.0,0.0,0.0
Ростовский,2025-07-18,17,0.0,0.0,0.0
Ростовский,2025-07-19,13,0.0,0.0,0.0
Ростовский,2025-07-20,7,0.0,0.0,0.0
Ростовский,2025-07-21,18,0.0,0.0,0.0
Ростовский,2025-07-22,22,0.0,0.0,0.0
Ростовский,2025-07-23,22,0.0,0.0,0.0
Ростовский,2025-07-24,19,0.0,0.0,0.0
Ростовский,2025-07-25,21,0.0,0.0,0.0
Ростовский,2025-07-26,13,0.0,0.0,0.0
Ростовский,2025-07-27,11,0.0,0.0,0.0
Ростовский,2025-07-28,21,0.0,0.0,0.0
Ростовский,2025-07-29,20,0.0,0.0,0.0
Ростовский,2025-07-30,27,0.0,0.0,0.0
Ростовский,2025-07-31,19,0.0,0.0,0.0
Самарский,2025-01-02,1,0.0,0.0,0.0
Самарский,2025-01-03,3,0.0,0.0,0.0
Самарский,2025-01-04,1,0.0,0.0,0.0
Самарский,2025-01-05,2,0.0,0.0,0.0
Самарский,2025-01-06,1,0.0,0.0,0.0
Самарский,2025-01-07,9,0.0,0.0,0.0
Самарский,2025-01-08,3,0.0,0.0,0.0
Самарский,2025-01-09,4,0.0,0.0,0.0
Самарский,2025-01-10,6,0.0,0.0,0.0
Самарский,2025-01-11,10,0.0,0.0,0.0
Самарский,2025-01-12,4,0.0,0.0,0.0
Самарский,2025-01-13,13,0.0,0.0,0.0
Самарский,2025-01-14,3,0.0,0.0,0.0
Самарский,2025-01-15,19,0.0,0.0,0.0
Самарский,2025-01-16,7,0.0,0.0,0.0
Самарский,2025-01-17,1,0.0,0.0,0.0
Самарский,2025-01-18,1,0.0,0.0,0.0
Самарский,2025-01-19,8,0.0,0.0,0.0
Самарский,2025-01-20,6,0.0,0.0,0.0
Самарский,2025-01-21,1,0.0,0.0,0.0
Самарский,2025-01-22,1,0.0,0.0,0.0
Самарский,2025-01-23,19,0.0,0.0,0.0
Самарский,2025-01-24,3,0.0,0.0,0.0
Самарский,2025-01-25,12,0.0,0.0,0.0
Самарский,2025-01-26,3,0.0,0.0,0.0
Самарский,2025-01-27,19,0.0,0.0,0.0
Самарский,2025-01-28,10,0.0,0.0,0.0
Самарский,2025-01-29,25,0.0,0.0,0.0
Самарский,2025-01-30,1,0.0,0.0,0.0
Самарский,2025-01-31,9,0.0,0.0,0.0
Самарский,2025-02-01,4,0.0,0.0,0.0
Самарский,2025-02-02,10,0.0,0.0,0.0
Самарский,2025-02-03,2,0.0,0.0,0.0
Самарский,2025-02-04,24,0.0,0.0,0.0
Самарский,2025-02-05,21,0.0,0.0,0.0
Самарский,2025-02-06,2,0.0,0.0,0.0
Самарский,2025-02-07,0,0.0,0.0,0.0
Самарский,2025-02-08,11,0.0,0.0,0.0
Самарский,2025-02-09,8,0.0,0.0,0.0
Самарский,2025-02-10,20,0.0,0.0,0.0
Самарский,2025-02-11,2,0.0,0.0,0.0
Самарский,2025-02-12,9,0.0,0.0,0.0
Самарский,2025-02-13,2,0.0,0.0,0.0
Самарский,2025-02-14,13,0.0,0.0,0.0
Самарский,2025-02-15,4,0.0,0.0,0.0
Самарский,2025-02-16,5,0.0,0.0,0.0
Самарский,2025-02-17,7,0.0,0.0,0.0
Самарский,2025-02-18,26,0.0,0.0,0.0
Самарский,2025-02-19,8,0.0,0.0,0.0
Самарский,2025-02-20,17,0.0,0.0,0.0
Самарский,2025-02-21,9,0.0,0.0,0.0
Самарский,2025-02-22,13,0.0,0.0,0.0
Самарский,2025-02-23,2,0.0,0.0,0.0
Самарский,2025-02-24,21,0.0,0.0,0.0
Самарский,2025-02-25,8,0.0,0.0,0.0
Самарский,2025-02-26,25,0.0,0.0,0.0
Самарский,2025-02-27,3,0.0,0.0,0.0
Самарский,2025-02-28,24,0.0,0.0,0.0
Самарский,2025-03-01,9,0.0,0.0,0.0
Самарский,2025-03-02,3,0.0,0.0,0.0
Самарский,2025-03-03,2,0.0,0.0,0.0
Самарский,2025-03-04,22,0.0,0.0,0.0
Самарский,2025-03-05,10,0.0,0.0,0.0
Самарский,2025-03-06,2,0.0,0.0,0.0
Самарский,2025-03-07,5,0.0,0.0,0.0
Самарский,2025-03-08,15,0.0,0.0,0.0
Самарский,2025-03-09,9,0.0,0.0,0.0
Самарский,2025-03-10,28,0.0,0.0,0.0
Самарский,2025-03-11,4,0.0,0.0,0.0
Самарский,2025-03-12,24,0.0,0.0,0.0
Самарский,2025-03-13,21,0.0,0.0,0.0
Самарский,2025-03-14,28,0.0,0.0,0.0
Самарский,2025-03-15,7,0.0,0.0,0.0
Самарский,2025-03-16,19,0.0,0.0,0.0
Самарский,2025-03-17,36,0.0,0.0,0.0
Самарский,2025-03-18,51,0.0,0.0,0.0
Самарский,2025-03-19,12,0.0,0.0,0.0
Самарский,2025-03-20,28,0.0,0.0,0.0
Самарский,2025-03-21,49,0.0,0.0,0.0
Самарский,2025-03-22,27,0.0,0.0,0.0
Самарский,2025-03-23,3,0.0,0.0,0.0
Самарский,2025-03-24,41,0.0,0.0,0.0
Самарский,2025-03-25,40,0.0,0.0,0.0
Самарский,2025-03-26,9,0.0,0.0,0.0
Самарский,2025-03-27,4,0.0,0.0,0.0
Самарский,2025-03-28,37,0.0,0.0,0.0
Самарский,2025-03-29,17,0.0,0.0,0.0
Самарский,2025-03-31,10,0.0,0.0,0.0
Самарский,2025-04-01,39,0.0,0.0,0.0
Самарский,2025-04-02,20,0.0,0.0,0.0
Самарский,2025-04-03,36,0.0,0.0,0.0
Самарский,2025-04-04,8,0.0,0.0,0.0
Самарский,2025-04-05,26,0.0,0.0,0.0
Самарский,2025-04-06,13,0.0,0.0,0.0
Самарский,2025-04-07,33,0.0,0.0,0.0
Самарский,2025-04-08,16,0.0,0.0,0.0
Самарский,2025-04-09,23,0.0,0.0,0.0
Самарский,2025-04-10,21,0.0,0.0,0.0
Самарский,2025-04-11,43,0.0,0.0,0.0
Самарский,2025-04-12,13,0.0,0.0,0.0
Самарский,2025-04-13,21,0.0,0.0,0.0
Самарский,2025-04-14,37,0.0,0.0,0.0
Самарский,2025-04-15,46,0.0,0.0,0.0
Самарский,2025-04-16,17,0.0,0.0,0.0
Самарский,2025-04-17,48,0.0,0.0,0.0
Самарский,2025-04-18,42,0.0,0.0,0.0
Самарский,2025-04-19,31,0.0,0.0,0.0
Самарский,2025-04-20,1,0.0,0.0,0.0
Самарский,2025-04-21,34,0.0,0.0,0.0
Самарский,2025-04-22,37,0.0,0.0,0.0
Самарский,2025-04-23,46,0.0,0.0,0.0
Самарский,2025-04-24,15,0.0,0.0,0.0
Самарский,2025-04-25,42,0.0,0.0,0.0
Самарский,2025-04-26,28,0.0,0.0,0.0
Самарский,2025-04-27,23,0.0,0.0,0.0
Самарский,2025-04-28,4,0.0,0.0,0.0
Самарский,2025-04-29,25,0.0,0.0,0.0
Самарский,2025-04-30,6,0.0,0.0,0.0
Самарский,2025-05-01,16,0.0,0.0,0.0
Самарский,2025-05-02,2,0.0,0.0,0.0
Самарский,2025-05-03,14,0.0,0.0,0.0
Самарский,2025-05-04,6,0.0,0.0,0.0
Самарский,2025-05-05,21,0.0,0.0,0.0
Самарский,2025-05-06,13,0.0,0.0,0.0
Самарский,2025-05-07,48,0.0,0.0,0.0
Самарский,2025-05-08,15,0.0,0.0,0.0
Самарский,2025-05-09,9,0.0,0.0,0.0
Самарский,2025-05-10,6,0.0,0.0,0.0
Самарский,2025-05-11,21,0.0,0.0,0.0
Самарский,2025-05-12,30,0.0,0.0,0.0
Самарский,2025-05-13,18,0.0,0.0,0.0
Самарский,2025-05-14,15,0.0,0.0,0.0
Самарский,2025-05-15,41,0.0,0.0,0.0
Самарский,2025-05-16,23,0.0,0.0,0.0
Самарский,2025-05-17,38,0.0,0.0,0.0
Самарский,2025-05-18,12,0.0,0.0,0.0
Самарский,2025-05-19,43,0.0,0.0,0.0
Самарский,2025-05-20,12,0.0,0.0,0.0
Самарский,2025-05-21,36,0.0,0.0,0.0
Самарский,2025-05-22,29,0.0,0.0,0.0
Самарский,2025-05-23,55,0.0,0.0,0.0
Самарский,2025-05-24,29,0.0,0.0,0.0
Самарский,2025-05-25,32,0.0,0.0,0.0
Самарский,2025-05-26,29,0.0,0.0,0.0
Самарский,2025-05-27,48,0.0,0.0,0.0
Самарский,2025-05-28,25,0.0,0.0,0.0
Самарский,2025-05-29,56,0.0,0.0,0.0
Самарский,2025-05-30,18,0.0,0.0,0.0
Самарский,2025-05-31,24,0.0,0.0,0.0
Самарский,2025-06-01,7,0.0,0.0,0.0
Самарский,2025-06-02,20,0.0,0.0,0.0
Самарский,2025-06-03,14,0.0,0.0,0.0
Самарский,2025-06-04,44,0.0,0.0,0.0
Самарский,2025-06-05,15,0.0,0.0,0.0
Самарский,2025-06-06,47,0.0,0.0,0.0
Самарский,2025-06-07,24,0.0,0.0,0.0
Самарский,2025-06-08,33,0.0,0.0,0.0
Самарский,2025-06-09,25,0.0,0.0,0.0
Самарский,2025-06-10,44,0.0,0.0,0.0
Самарский,2025-06-11,17,0.0,0.0,0.0
Самарский,2025-06-12,10,0.0,0.0,0.0
Самарский,2025-06-13,12,0.0,0.0,0.0
Самарский,2025-06-14,26,0.0,0.0,0.0
Самарский,2025-06-15,14,0.0,0.0,0.0
Самарский,2025-06-16,26,0.0,0.0,0.0
Самарский,2025-06-17,16,0.0,0.0,0.0
Самарский,2025-06-18,13,0.0,0.0,0.0
Самарский,2025-06-19,28,0.0,0.0,0.0
Самарский,2025-06-20,38,0.0,0.0,0.0
Самарский,2025-06-21,14,0.0,0.0,0.0
Самарский,2025-06-22,6,0.0,0.0,0.0
Самарский,2025-06-23,10,0.0,0.0,0.0
Самарский,2025-06-24,44,0.0,0.0,0.0
Самарский,2025-06-25,25,0.0,0.0,0.0
Самарский,2025-06-26,12,0.0,0.0,0.0
Самарский,2025-06-27,2,0.0,0.0,0.0
Самарский,2025-06-28,24,0.0,0.0,0.0
Самарский,2025-06-29,22,0.0,0.0,0.0
Самарский,2025-06-30,18,0.0,0.0,0.0
Самарский,2025-07-01,22,0.0,0.0,0.0
Самарский,2025-07-02,35,0.0,0.0,0.0
Самарский,2025-07-03,26,0.0,0.0,0.0
Самарский,2025-07-04,26,0.0,0.0,0.0
Самарский,2025-07-05,6,0.0,0.0,0.0
Самарский,2025-07-06,34,0.0,0.0,0.0
Самарский,2025-07-07,26,0.0,0.0,0.0
Самарский,2025-07-08,12,0.0,0.0,0.0
Самарский,2025-07-09,11,0.0,0.0,0.0
Самарский,2025-07-10,15,0.0,0.0,0.0
Самарский,2025-07-11,38,0.0,0.0,0.0
Самарский,2025-07-12,18,0.0,0.0,0.0
Самарский,2025-07-13,7,0.0,0.0,0.0
Самарский,2025-07-14,18,0.0,0.0,0.0
Самарский,2025-07-15,14,0.0,0.0,0.0
Самарский,2025-07-16,16,0.0,0.0,0.0
Самарский,2025-07-17,21,0.0,0.0,0.0
Самарский,2025-07-18,46,0.0,0.0,0.0
Самарский,2025-07-19,16,0.0,0.0,0.0
Самарский,2025-07-20,14,0.0,0.0,0.0
Самарский,2025-07-21,10,0.0,0.0,0.0
Самарский,2025-07-22,44,0.0,0.0,0.0
Самарский,2025-07-23,13,0.0,0.0,0.0
Самарский,2025-07-24,26,0.0,0.0,0.0
Самарский,2025-07-25,23,0.0,0.0,0.0
Самарский,2025-07-26,24,0.0,0.0,0.0
Самарский,2025-07-27,13,0.0,0.0,0.0
Самарский,2025-07-28,36,0.0,0.0,0.0
Самарский,2025-07-29,45,0.0,0.0,0.0
Самарский,2025-07-30,46,0.0,0.0,0.0
Самарский,2025-07-31,44,0.0,0.0,0.0
Санкт-Петербургский,2025-01-01,3,0.0,0.0,0.0
Санкт-Петербургский,2025-01-02,3,0.0,0.0,0.0
Санкт-Петербургский,2025-01-03,6,0.0,0.0,0.0
Санкт-Петербургский,2025-01-04,6,0.0,0.0,0.0
Санкт-Петербургский,2025-01-05,7,0.0,0.0,0.0
Санкт-Петербургский,2025-01-06,6,0.0,0.0,0.0
Санкт-Петербургский,2025-01-07,3,0.0,0.0,0.0
Санкт-Петербургский,2025-01-08,4,0.0,0.0,0.0
Санкт-Петербургский,2025-01-09,6,0.0,0.0,0.0
Санкт-Петербургский,2025-01-10,8,0.0,0.0,0.0
Санкт-Петербургский,2025-01-11,6,0.0,0.0,0.0
Санкт-Петербургский,2025-01-12,6,0.0,0.0,0.0
Санкт-Петербургский,2025-01-13,13,0.0,0.0,0.0
Санкт-Петербургский,2025-01-14,13,0.0,0.0,0.0
Санкт-Петербургский,2025-01-15,20,0.0,0.0,0.0
Санкт-Петербургский,2025-01-16,13,0.0,0.0,0.0
Санкт-Петербургский,2025-01-17,15,0.0,0.0,0.0
Санкт-Петербургский,2025-01-18,10,0.0,0.0,0.0
Санкт-Петербургский,2025-01-19,6,0.0,0.0,0.0
Санкт-Петербургский,2025-01-20,13,0.0,0.0,0.0
Санкт-Петербургский,2025-01-21,17,0.0,0.0,0.0
Санкт-Петербургский,2025-01-22,10,0.0,0.0,0.0
Санкт-Петербургский,2025-01-23,15,0.0,0.0,0.0
Санкт-Петербургский,2025-01-24,12,0.0,0.0,0.0
Санкт-Петербургский,2025-01-25,11,0.0,0.0,0.0
Санкт-Петербургский,2025-01-26,6,0.0,0.0,0.0
Санкт-Петербургский,2025-01-27,7,0.0,0.0,0.0
Санкт-Петербургский,2025-01-28,8,0.0,0.0,0.0
Санкт-Петербургский,2025-01-29,20,0.0,0.0,0.0
Санкт-Петербургский,2025-01-30,16,0.0,0.0,0.0
Санкт-Петербургский,2025-01-31,21,0.0,0.0,0.0
Санкт-Петербургский,2025-02-01,10,0.0,0.0,0.0
Санкт-Петербургский,2025-02-02,6,0.0,0.0,0.0
Санкт-Петербургский,2025-02-03,16,0.0,0.0,0.0
Санкт-Петербургский,2025-02-04,18,0.0,0.0,0.0
Санкт-Петербургский,2025-02-05,19,0.0,0.0,0.0
Санкт-Петербургский,2025-02-06,16,0.0,0.0,0.0
Санкт-Петербургский,2025-02-07,22,0.0,0.0,0.0
Санкт-Петербургский,2025-02-08,12,0.0,0.0,0.0
Санкт-Петербургский,2025-02-09,11,0.0,0.0,0.0
Санкт-Петербургский,2025-02-10,13,0.0,0.0,0.0
Санкт-Петербургский,2025-02-11,18,0.0,0.0,0.0
Санкт-Петербургский,2025-02-12,12,0.0,0.0,0.0
Санкт-Петербургский,2025-02-13,20,0.0,0.0,0.0
Санкт-Петербургский,2025-02-14,16,0.0,0.0,0.0
Санкт-Петербургский,2025-02-15,15,0.0,0.0,0.0
Санкт-Петербургский,2025-02-16,3,0.0,0.0,0.0
Санкт-Петербургский,2025-02-17,5,0.0,0.0,0.0
Санкт-Петербургский,2025-02-18,8,0.0,0.0,0.0
Санкт-Петербургский,2025-02-19,12,0.0,0.0,0.0
Санкт-Петербургский,2025-02-20,15,0.0,0.0,0.0
Санкт-Петербургский,2025-02-21,14,0.0,0.0,0.0
Санкт-Петербургский,2025-02-22,15,0.0,0.0,0.0
Санкт-Петербургский,2025-02-23,11,0.0,0.0,0.0
Санкт-Петербургский,2025-02-24,19,0.0,0.0,0.0
Санкт-Петербургский,2025-02-25,22,0.0,0.0,0.0
Санкт-Петербургский,2025-02-26,21,0.0,0.0,0.0
Санкт-Петербургский,2025-02-27,19,0.0,0.0,0.0
Санкт-Петербургский,2025-02-28,16,0.0,0.0,0.0
Санкт-Петербургский,2025-03-01,13,0.0,0.0,0.0
Санкт-Петербургский,2025-03-02,14,0.0,0.0,0.0
Санкт-Петербургский,2025-03-03,15,0.0,0.0,0.0
Санкт-Петербургский,2025-03-04,15,0.0,0.0,0.0
Санкт-Петербургский,2025-03-05,14,0.0,0.0,0.0
Санкт-Петербургский,2025-03-06,13,0.0,0.0,0.0
Санкт-Петербургский,2025-03-07,20,0.0,0.0,0.0
Санкт-Петербургский,2025-03-08,14,0.0,0.0,0.0
Санкт-Петербургский,2025-03-09,11,0.0,0.0,0.0
Санкт-Петербургский,2025-03-10,21,0.0,0.0,0.0
Санкт-Петербургский,2025-03-11,24,0.0,0.0,0.0
Санкт-Петербургский,2025-03-12,28,0.0,0.0,0.0
Санкт-Петербургский,2025-03-13,15,0.0,0.0,0.0
Санкт-Петербургский,2025-03-14,13,0.0,0.0,0.0
Санкт-Петербургский,2025-03-15,13,0.0,0.0,0.0
Санкт-Петербургский,2025-03-16,10,0.0,0.0,0.0
Санкт-Петербургский,2025-03-17,25,0.0,0.0,0.0
Санкт-Петербургский,2025-03-18,23,0.0,0.0,0.0
Санкт-Петербургский,2025-03-19,23,0.0,0.0,0.0
Санкт-Петербургский,2025-03-20,30,0.0,0.0,0.0
Санкт-Петербургский,2025-03-21,30,0.0,0.0,0.0
Санкт-Петербургский,2025-03-22,22,0.0,0.0,0.0
Санкт-Петербургский,2025-03-23,17,0.0,0.0,0.0
Санкт-Петербургский,2025-03-24,27,0.0,0.0,0.0
Санкт-Петербургский,2025-03-25,27,0.0,0.0,0.0
Санкт-Петербургский,2025-03-26,22,0.0,0.0,0.0
Санкт-Петербургский,2025-03-27,30,0.0,0.0,0.0
Санкт-Петербургский,2025-03-28,28,0.0,0.0,0.0
Санкт-Петербургский,2025-03-29,14,0.0,0.0,0.0
Санкт-Петербургский,2025-03-30,13,0.0,0.0,0.0
Санкт-Петербургский,2025-03-31,27,0.0,0.0,0.0
Санкт-Петербургский,2025-04-01,25,0.0,0.0,0.0
Санкт-Петербургский,2025-04-02,21,0.0,0.0,0.0
Санкт-Петербургский,2025-04-03,26,0.0,0.0,0.0
Санкт-Петербургский,2025-04-04,16,0.0,0.0,0.0
Санкт-Петербургский,2025-04-05,15,0.0,0.0,0.0
Санкт-Петербургский,2025-04-06,12,0.0,0.0,0.0
Санкт-Петербургский,2025-04-07,26,0.0,0.0,0.0
Санкт-Петербургский,2025-04-08,31,0.0,0.0,0.0
Санкт-Петербургский,2025-04-09,15,0.0,0.0,0.0
Санкт-Петербургский,2025-04-10,19,0.0,0.0,0.0
Санкт-Петербургский,2025-04-11,11,0.0,0.0,0.0
Санкт-Петербургский,2025-04-12,8,0.0,0.0,0.0
Санкт-Петербургский,2025-04-13,16,0.0,0.0,0.0
Санкт-Петербургский,2025-04-14,24,0.0,0.0,0.0
Санкт-Петербургский,2025-04-15,31,0.0,0.0,0.0
Санкт-Петербургский,2025-04-16,26,0.0,0.0,0.0
Санкт-Петербургский,2025-04-17,30,0.0,0.0,0.0
Санкт-Петербургский,2025-04-18,28,0.0,0.0,0.0
Санкт-Петербургский,2025-04-19,20,0.0,0.0,0.0
Санкт-Петербургский,2025-04-20,10,0.0,0.0,0.0
Санкт-Петербургский,2025-04-21,27,0.0,0.0,0.0
Санкт-Петербургский,2025-04-22,31,0.0,0.0,0.0
Санкт-Петербургский,2025-04-23,29,0.0,0.0,0.0
Санкт-Петербургский,2025-04-24,28,0.0,0.0,0.0
Санкт-Петербургский,2025-04-25,25,0.0,0.0,0.0
Санкт-Петербургский,2025-04-26,16,0.0,0.0,0.0
Санкт-Петербургский,2025-04-27,9,0.0,0.0,0.0
Санкт-Петербургский,2025-04-28,9,0.0,0.0,0.0
Санкт-Петербургский,2025-04-29,13,0.0,0.0,0.0
Санкт-Петербургский,2025-04-30,31,0.0,0.0,0.0
Санкт-Петербургский,2025-05-01,15,0.0,0.0,0.0
Санкт-Петербургский,2025-05-02,17,0.0,0.0,0.0
Санкт-Петербургский,2025-05-03,15,0.0,0.0,0.0
Санкт-Петербургский,2025-05-04,20,0.0,0.0,0.0
Санкт-Петербургский,2025-05-05,20,0.0,0.0,0.0
Санкт-Петербургский,2025-05-06,26,0.0,0.0,0.0
Санкт-Петербургский,2025-05-07,16,0.0,0.0,0.0
Санкт-Петербургский,2025-05-08,15,0.0,0.0,0.0
Санкт-Петербургский,2025-05-09,7,0.0,0.0,0.0
Санкт-Петербургский,2025-05-10,18,0.0,0.0,0.0
Санкт-Петербургский,2025-05-11,13,0.0,0.0,0.0
Санкт-Петербургский,2025-05-12,27,0.0,0.0,0.0
Санкт-Петербургский,2025-05-13,37,0.0,0.0,0.0
Санкт-Петербургский,2025-05-14,30,0.0,0.0,0.0
Санкт-Петербургский,2025-05-15,32,0.0,0.0,0.0
Санкт-Петербургский,2025-05-16,37,0.0,0.0,0.0
Санкт-Петербургский,2025-05-17,33,0.0,0.0,0.0
Санкт-Петербургский,2025-05-18,18,0.0,0.0,0.0
Санкт-Петербургский,2025-05-19,25,0.0,0.0,0.0
Санкт-Петербургский,2025-05-20,21,0.0,0.0,0.0
Санкт-Петербургский,2025-05-21,44,0.0,0.0,0.0
Санкт-Петербургский,2025-05-22,31,0.0,0.0,0.0
Санкт-Петербургский,2025-05-23,29,0.0,0.0,0.0
Санкт-Петербургский,2025-05-24,27,0.0,0.0,0.0
Санкт-Петербургский,2025-05-25,19,0.0,0.0,0.0
Санкт-Петербургский,2025-05-26,22,0.0,0.0,0.0
Санкт-Петербургский,2025-05-27,41,0.0,0.0,0.0
Санкт-Петербургский,2025-05-28,40,0.0,0.0,0.0
Санкт-Петербургский,2025-05-29,38,0.0,0.0,0.0
Санкт-Петербургский,2025-05-30,29,0.0,0.0,0.0
Санкт-Петербургский,2025-05-31,19,0.0,0.0,0.0
Санкт-Петербургский,2025-06-01,22,0.0,0.0,0.0
Санкт-Петербургский,2025-06-02,21,0.0,0.0,0.0
Санкт-Петербургский,2025-06-03,30,0.0,0.0,0.0
Санкт-Петербургский,2025-06-04,48,0.0,0.0,0.0
Санкт-Петербургский,2025-06-05,35,0.0,0.0,0.0
Санкт-Петербургский,2025-06-06,42,0.0,0.0,0.0
Санкт-Петербургский,2025-06-07,27,0.0,0.0,0.0
Санкт-Петербургский,2025-06-08,25,0.0,0.0,0.0
Санкт-Петербургский,2025-06-09,22,0.0,0.0,0.0
Санкт-Петербургский,2025-06-10,37,0.0,0.0,0.0
Санкт-Петербургский,2025-06-11,37,0.0,0.0,0.0
Санкт-Петербургский,2025-06-12,27,0.0,0.0,0.0
Санкт-Петербургский,2025-06-13,25,0.0,0.0,0.0
Санкт-Петербургский,2025-06-14,35,0.0,0.0,0.0
Санкт-Петербургский,2025-06-15,36,0.0,0.0,0.0
Санкт-Петербургский,2025-06-16,20,0.0,0.0,0.0
Санкт-Петербургский,2025-06-17,26,0.0,0.0,0.0
Санкт-Петербургский,2025-06-18,18,0.0,0.0,0.0
Санкт-Петербургский,2025-06-19,13,0.0,0.0,0.0
Санкт-Петербургский,2025-06-20,13,0.0,0.0,0.0
Санкт-Петербургский,2025-06-21,19,0.0,0.0,0.0
Санкт-Петербургский,2025-06-22,16,0.0,0.0,0.0
Санкт-Петербургский,2025-06-23,41,0.0,0.0,0.0
Санкт-Петербургский,2025-06-24,22,0.0,0.0,0.0
Санкт-Петербургский,2025-06-25,23,0.0,0.0,0.0
Санкт-Петербургский,2025-06-26,24,0.0,0.0,0.0
Санкт-Петербургский,2025-06-27,29,0.0,0.0,0.0
Санкт-Петербургский,2025-06-28,21,0.0,0.0,0.0
Санкт-Петербургский,2025-06-29,10,0.0,0.0,0.0
Санкт-Петербургский,2025-06-30,18,0.0,0.0,0.0
Санкт-Петербургский,2025-07-01,27,0.0,0.0,0.0
Санкт-Петербургский,2025-07-02,38,0.0,0.0,0.0
Санкт-Петербургский,2025-07-03,33,0.0,0.0,0.0
Санкт-Петербургский,2025-07-04,16,0.0,0.0,0.0
Санкт-Петербургский,2025-07-05,20,0.0,0.0,0.0
Санкт-Петербургский,2025-07-06,9,0.0,0.0,0.0
Санкт-Петербургский,2025-07-07,21,0.0,0.0,0.0
Санкт-Петербургский,2025-07-08,26,0.0,0.0,0.0
Санкт-Петербургский,2025-07-09,35,0.0,0.0,0.0
Санкт-Петербургский,2025-07-10,21,0.0,0.0,0.0
Санкт-Петербургский,2025-07-11,38,0.0,0.0,0.0
Санкт-Петербургский,2025-07-12,28,0.0,0.0,0.0
Санкт-Петербургский,2025-07-13,24,0.0,0.0,0.0
Санкт-Петербургский,2025-07-14,27,0.0,0.0,0.0
Санкт-Петербургский,2025-07-15,40,0.0,0.0,0.0
Санкт-Петербургский,2025-07-16,45,0.0,0.0,0.0
Санкт-Петербургский,2025-07-17,36,0.0,0.0,0.0
Санкт-Петербургский,2025-07-18,43,0.0,0.0,0.0
Санкт-Петербургский,2025-07-19,34,0.0,0.0,0.0
Санкт-Петербургский,2025-07-20,22,0.0,0.0,0.0
Санкт-Петербургский,2025-07-21,25,0.0,0.0,0.0
Санкт-Петербургский,2025-07-22,37,0.0,0.0,0.0
Санкт-Петербургский,2025-07-23,39,0.0,0.0,0.0
Санкт-Петербургский,2025-07-24,39,0.0,0.0,0.0
Санкт-Петербургский,2025-07-25,42,0.0,0.0,0.0
Санкт-Петербургский,2025-07-26,31,0.0,0.0,0.0
Санкт-Петербургский,2025-07-27,13,0.0,0.0,0.0
Санкт-Петербургский,2025-07-28,34,0.0,0.0,0.0
Санкт-Петербургский,2025-07-29,48,0.0,0.0,0.0
Санкт-Петербургский,2025-07-30,44,0.0,0.0,0.0
Санкт-Петербургский,2025-07-31,27,0.0,0.0,0.0
Симферопольский,2025-03-14,1,0.0,0.0,0.0
Симферопольский,2025-03-21,1,0.0,0.0,0.0
Симферопольский,2025-04-01,1,0.0,0.0,0.0
Симферопольский,2025-04-06,1,0.0,0.0,0.0
Симферопольский,2025-04-18,1,0.0,0.0,0.0
Симферопольский,2025-04-23,2,0.0,0.0,0.0
Симферопольский,2025-04-29,1,0.0,0.0,0.0
Симферопольский,2025-06-10,1,0.0,0.0,0.0
Симферопольский,2025-06-20,1,0.0,0.0,0.0
Симферопольский,2025-06-21,2,0.0,0.0,0.0
Симферопольский,2025-06-25,1,0.0,0.0,0.0
Симферопольский,2025-06-30,1,0.0,0.0,0.0
Симферопольский,2025-07-01,1,0.0,0.0,0.0
Симферопольский,2025-07-02,1,0.0,0.0,0.0
Симферопольский,2025-07-07,1,0.0,0.0,0.0
Симферопольский,2025-07-09,1,0.0,0.0,0.0
Симферопольский,2025-07-10,1,0.0,0.0,0.0
Симферопольский,2025-07-14,1,0.0,0.0,0.0
Симферопольский,2025-07-15,1,0.0,0.0,0.0
Симферопольский,2025-07-16,1,0.0,0.0,0.0
Симферопольский,2025-07-18,1,0.0,0.0,0.0
Симферопольский,2025-07-23,1,0.0,0.0,0.0
Симферопольский,2025-07-24,1,0.0,0.0,0.0
Симферопольский,2025-07-29,1,0.0,0.0,0.0
Тюменский,2025-01-01,24,0.0,0.0,0.0
Тюменский,2025-01-02,29,0.0,0.0,0.0
Тюменский,2025-01-03,36,0.0,0.0,0.0
Тюменский,2025-01-04,44,0.0,0.0,0.0
Тюменский,2025-01-05,41,0.0,0.0,0.0
Тюменский,2025-01-06,43,0.0,0.0,0.0
Тюменский,2025-01-07,43,0.0,0.0,0.0
Тюменский,2025-01-08,45,0.0,0.0,0.0
Тюменский,2025-01-09,45,0.0,0.0,0.0
Тюменский,2025-01-10,41,0.0,0.0,0.0
Тюменский,2025-01-11,43,0.0,0.0,0.0
Тюменский,2025-01-12,42,0.0,0.0,0.0
Тюменский,2025-01-13,47,0.0,0.0,0.0
Тюменский,2025-01-14,51,0.0,0.0,0.0
Тюменский,2025-01-15,50,0.0,0.0,0.0
Тюменский,2025-01-16,46,0.0,0.0,0.0
Тюменский,2025-01-17,45,0.0,0.0,0.0
Тюменский,2025-01-18,46,0.0,0.0,0.0
Тюменский,2025-01-19,43,0.0,0.0,0.0
Тюменский,2025-01-20,49,0.0,0.0,0.0
Тюменский,2025-01-21,52,0.0,0.0,0.0
Тюменский,2025-01-22,48,0.0,0.0,0.0
Тюменский,2025-01-23,52,0.0,0.0,0.0
Тюменский,2025-01-24,50,0.0,0.0,0.0
Тюменский,2025-01-25,45,0.0,0.0,0.0
Тюменский,2025-01-26,44,0.0,0.0,0.0
Тюменский,2025-01-27,52,0.0,0.0,0.0
Тюменский,2025-01-28,51,0.0,0.0,0.0
Тюменский,2025-01-29,51,0.0,0.0,0.0
Тюменский,2025-01-30,48,0.0,0.0,0.0
Тюменский,2025-01-31,49,0.0,0.0,0.0
Тюменский,2025-02-01,47,0.0,0.0,0.0
Тюменский,2025-02-02,47,0.0,0.0,0.0
Тюменский,2025-02-03,54,0.0,0.0,0.0
Тюменский,2025-02-04,56,0.0,0.0,0.0
Тюменский,2025-02-05,53,0.0,0.0,0.0
Тюменский,2025-02-06,54,0.0,0.0,0.0
Тюменский,2025-02-07,53,0.0,0.0,0.0
Тюменский,2025-02-08,32,0.0,0.0,0.0
Тюменский,2025-02-09,37,0.0,0.0,0.0
Тюменский,2025-02-10,55,0.0,0.0,0.0
Тюменский,2025-02-11,57,0.0,0.0,0.0
Тюменский,2025-02-12,56,0.0,0.0,0.0
Тюменский,2025-02-13,54,0.0,0.0,0.0
Тюменский,2025-02-14,63,0.0,0.0,0.0
Тюменский,2025-02-15,51,0.0,0.0,0.0
Тюменский,2025-02-16,50,0.0,0.0,0.0
Тюменский,2025-02-17,49,0.0,0.0,0.0
Тюменский,2025-02-18,55,0.0,0.0,0.0
Тюменский,2025-02-19,53,0.0,0.0,0.0
Тюменский,2025-02-20,52,0.0,0.0,0.0
Тюменский,2025-02-21,52,0.0,0.0,0.0
Тюменский,2025-02-22,51,0.0,0.0,0.0
Тюменский,2025-02-23,47,0.0,0.0,0.0
Тюменский,2025-02-24,52,0.0,0.0,0.0
Тюменский,2025-02-25,54,0.0,0.0,0.0
Тюменский,2025-02-26,58,0.0,0.0,0.0
Тюменский,2025-02-27,55,0.0,0.0,0.0
Тюменский,2025-02-28,57,0.0,0.0,0.0
Тюменский,2025-03-01,44,0.0,0.0,0.0
Тюменский,2025-03-02,47,0.0,0.0,0.0
Тюменский,2025-03-03,57,0.0,0.0,0.0
Тюменский,2025-03-04,61,0.0,0.0,0.0
Тюменский,2025-03-05,60,0.0,0.0,0.0
Тюменский,2025-03-06,52,0.0,0.0,0.0
Тюменский,2025-03-07,53,0.0,0.0,0.0
Тюменский,2025-03-08,59,0.0,0.0,0.0
Тюменский,2025-03-09,57,0.0,0.0,0.0
Тюменский,2025-03-10,60,0.0,0.0,0.0
Тюменский,2025-03-11,62,0.0,0.0,0.0
Тюменский,2025-03-12,57,0.0,0.0,0.0
Тюменский,2025-03-13,53,0.0,0.0,0.0
Тюменский,2025-03-14,54,0.0,0.0,0.0
Тюменский,2025-03-15,47,0.0,0.0,0.0
Тюменский,2025-03-16,46,0.0,0.0,0.0
Тюменский,2025-03-17,58,0.0,0.0,0.0
Тюменский,2025-03-18,60,0.0,0.0,0.0
Тюменский,2025-03-19,69,0.0,0.0,0.0
Тюменский,2025-03-20,64,0.0,0.0,0.0
Тюменский,2025-03-21,57,0.0,0.0,0.0
Тюменский,2025-03-22,51,0.0,0.0,0.0
Тюменский,2025-03-23,47,0.0,0.0,0.0
Тюменский,2025-03-24,60,0.0,0.0,0.0
Тюменский,2025-03-25,65,0.0,0.0,0.0
Тюменский,2025-03-26,60,0.0,0.0,0.0
Тюменский,2025-03-27,67,0.0,0.0,0.0
Тюменский,2025-03-28,64,0.0,0.0,0.0
Тюменский,2025-03-29,60,0.0,0.0,0.0
Тюменский,2025-03-30,41,0.0,0.0,0.0
Тюменский,2025-03-31,46,0.0,0.0,0.0
Тюменский,2025-04-01,50,0.0,0.0,0.0
Тюменский,2025-04-02,63,0.0,0.0,0.0
Тюменский,2025-04-03,59,0.0,0.0,0.0
Тюменский,2025-04-04,61,0.0,0.0,0.0
Тюменский,2025-04-05,63,0.0,0.0,0.0
Тюменский,2025-04-06,54,0.0,0.0,0.0
Тюменский,2025-04-07,60,0.0,0.0,0.0
Тюменский,2025-04-08,66,0.0,0.0,0.0
Тюменский,2025-04-09,67,0.0,0.0,0.0
Тюменский,2025-04-10,49,0.0,0.0,0.0
Тюменский,2025-04-11,56,0.0,0.0,0.0
Тюменский,2025-04-12,53,0.0,0.0,0.0
Тюменский,2025-04-13,51,0.0,0.0,0.0
Тюменский,2025-04-14,56,0.0,0.0,0.0
Тюменский,2025-04-15,58,0.0,0.0,0.0
Тюменский,2025-04-16,65,0.0,0.0,0.0
Тюменский,2025-04-17,62,0.0,0.0,0.0
Тюменский,2025-04-18,64,0.0,0.0,0.0
Тюменский,2025-04-19,62,0.0,0.0,0.0
Тюменский,2025-04-20,45,0.0,0.0,0.0
Тюменский,2025-04-21,59,0.0,0.0,0.0
Тюменский,2025-04-22,67,0.0,0.0,0.0
Тюменский,2025-04-23,59,0.0,0.0,0.0
Тюменский,2025-04-24,66,0.0,0.0,0.0
Тюменский,2025-04-25,57,0.0,0.0,0.0
Тюменский,2025-04-26,53,0.0,0.0,0.0
Тюменский,2025-04-27,54,0.0,0.0,0.0
Тюменский,2025-04-28,58,0.0,0.0,0.0
Тюменский,2025-04-29,55,0.0,0.0,0.0
Тюменский,2025-04-30,55,0.0,0.0,0.0
Тюменский,2025-05-01,49,0.0,0.0,0.0
Тюменский,2025-05-02,52,0.0,0.0,0.0
Тюменский,2025-05-03,60,0.0,0.0,0.0
Тюменский,2025-05-04,56,0.0,0.0,0.0
Тюменский,2025-05-05,62,0.0,0.0,0.0
Тюменский,2025-05-06,67,0.0,0.0,0.0
Тюменский,2025-05-07,65,0.0,0.0,0.0
Тюменский,2025-05-08,63,0.0,0.0,0.0
Тюменский,2025-05-09,67,0.0,0.0,0.0
Тюменский,2025-05-10,59,0.0,0.0,0.0
Тюменский,2025-05-11,61,0.0,0.0,0.0
Тюменский,2025-05-12,65,0.0,0.0,0.0
Тюменский,2025-05-13,69,0.0,0.0,0.0
Тюменский,2025-05-14,72,0.0,0.0,0.0
Тюменский,2025-05-15,68,0.0,0.0,0.0
Тюменский,2025-05-16,61,0.0,0.0,0.0
Тюменский,2025-05-17,58,0.0,0.0,0.0
Тюменский,2025-05-18,54,0.0,0.0,0.0
Тюменский,2025-05-19,64,0.0,0.0,0.0
Тюменский,2025-05-20,71,0.0,0.0,0.0
Тюменский,2025-05-21,65,0.0,0.0,0.0
Тюменский,2025-05-22,69,0.0,0.0,0.0
Тюменский,2025-05-23,71,0.0,0.0,0.0
Тюменский,2025-05-24,54,0.0,0.0,0.0
Тюменский,2025-05-25,57,0.0,0.0,0.0
Тюменский,2025-05-26,66,0.0,0.0,0.0
Тюменский,2025-05-27,61,0.0,0.0,0.0
Тюменский,2025-05-28,62,0.0,0.0,0.0
Тюменский,2025-05-29,65,0.0,0.0,0.0
Тюменский,2025-05-30,61,0.0,0.0,0.0
Тюменский,2025-05-31,64,0.0,0.0,0.0
Тюменский,2025-06-01,64,0.0,0.0,0.0
Тюменский,2025-06-02,71,0.0,0.0,0.0
Тюменский,2025-06-03,65,0.0,0.0,0.0
Тюменский,2025-06-04,75,0.0,0.0,0.0
Тюменский,2025-06-05,76,0.0,0.0,0.0
Тюменский,2025-06-06,67,0.0,0.0,0.0
Тюменский,2025-06-07,73,0.0,0.0,0.0
Тюменский,2025-06-08,65,0.0,0.0,0.0
Тюменский,2025-06-09,68,0.0,0.0,0.0
Тюменский,2025-06-10,76,0.0,0.0,0.0
Тюменский,2025-06-11,75,0.0,0.0,0.0
Тюменский,2025-06-12,67,0.0,0.0,0.0
Тюменский,2025-06-13,69,0.0,0.0,0.0
Тюменский,2025-06-14,67,0.0,0.0,0.0
Тюменский,2025-06-15,71,0.0,0.0,0.0
Тюменский,2025-06-16,64,0.0,0.0,0.0
Тюменский,2025-06-17,55,0.0,0.0,0.0
Тюменский,2025-06-18,71,0.0,0.0,0.0
Тюменский,2025-06-19,71,0.0,0.0,0.0
Тюменский,2025-06-20,67,0.0,0.0,0.0
Тюменский,2025-06-21,70,0.0,0.0,0.0
Тюменский,2025-06-22,57,0.0,0.0,0.0
Тюменский,2025-06-23,57,0.0,0.0,0.0
Тюменский,2025-06-24,65,0.0,0.0,0.0
Тюменский,2025-06-25,66,0.0,0.0,0.0
Тюменский,2025-06-26,63,0.0,0.0,0.0
Тюменский,2025-06-27,63,0.0,0.0,0.0
Тюменский,2025-06-28,65,0.0,0.0,0.0
Тюменский,2025-06-29,57,0.0,0.0,0.0
Тюменский,2025-06-30,61,0.0,0.0,0.0
Тюменский,2025-07-01,67,0.0,0.0,0.0
Тюменский,2025-07-02,69,0.0,0.0,0.0
Тюменский,2025-07-03,69,0.0,0.0,0.0
Тюменский,2025-07-04,60,0.0,0.0,0.0
Тюменский,2025-07-05,57,0.0,0.0,0.0
Тюменский,2025-07-06,64,0.0,0.0,0.0
Тюменский,2025-07-07,61,0.0,0.0,0.0
Тюменский,2025-07-08,70,0.0,0.0,0.0
Тюменский,2025-07-09,76,0.0,0.0,0.0
Тюменский,2025-07-10,72,0.0,0.0,0.0
Тюменский,2025-07-11,63,0.0,0.0,0.0
Тюменский,2025-07-12,66,0.0,0.0,0.0
Тюменский,2025-07-13,63,0.0,0.0,0.0
Тюменский,2025-07-14,70,0.0,0.0,0.0
Тюменский,2025-07-15,68,0.0,0.0,0.0
Тюменский,2025-07-16,69,0.0,0.0,0.0
Тюменский,2025-07-17,68,0.0,0.0,0.0
Тюменский,2025-07-18,68,0.0,0.0,0.0
Тюменский,2025-07-19,55,0.0,0.0,0.0
Тюменский,2025-07-20,48,0.0,0.0,0.0
Тюменский,2025-07-21,63,0.0,0.0,0.0
Тюменский,2025-07-22,70,0.0,0.0,0.0
Тюменский,2025-07-23,66,0.0,0.0,0.0
Тюменский,2025-07-24,69,0.0,0.0,0.0
Тюменский,2025-07-25,67,0.0,0.0,0.0
Тюменский,2025-07-26,64,0.0,0.0,0.0
Тюменский,2025-07-27,60,0.0,0.0,0.0
Тюменский,2025-07-28,69,0.0,0.0,0.0
Тюменский,2025-07-29,62,0.0,0.0,0.0
Тюменский,2025-07-30,70,0.0,0.0,0.0
Тюменский,2025-07-31,66,0.0,0.0,0.0
Хабаровский,2025-01-02,1,0.0,0.0,0.0
Хабаровский,2025-01-03,2,0.0,0.0,0.0
Хабаровский,2025-01-05,2,0.0,0.0,0.0
Хабаровский,2025-01-08,1,0.0,0.0,0.0
Хабаровский,2025-01-09,2,0.0,0.0,0.0
Хабаровский,2025-01-10,2,0.0,0.0,0.0
Хабаровский,2025-01-11,2,0.0,0.0,0.0
Хабаровский,2025-01-12,3,0.0,0.0,0.0
Хабаровский,2025-01-13,7,0.0,0.0,0.0
Хабаровский,2025-01-14,3,0.0,0.0,0.0
Хабаровский,2025-01-15,3,0.0,0.0,0.0
Хабаровский,2025-01-16,3,0.0,0.0,0.0
Хабаровский,2025-01-17,4,0.0,0.0,0.0
Хабаровский,2025-01-18,5,0.0,0.0,0.0
Хабаровский,2025-01-19,3,0.0,0.0,0.0
Хабаровский,2025-01-20,4,0.0,0.0,0.0
Хабаровский,2025-01-21,8,0.0,0.0,0.0
Хабаровский,2025-01-22,6,0.0,0.0,0.0
Хабаровский,2025-01-23,5,0.0,0.0,0.0
Хабаровский,2025-01-24,8,0.0,0.0,0.0
Хабаровский,2025-01-25,1,0.0,0.0,0.0
Хабаровский,2025-01-26,4,0.0,0.0,0.0
Хабаровский,2025-01-27,5,0.0,0.0,0.0
Хабаровский,2025-01-28,1,0.0,0.0,0.0
Хабаровский,2025-01-29,0,0.0,0.0,0.0
Хабаровский,2025-01-30,3,0.0,0.0,0.0
Хабаровский,2025-01-31,4,0.0,0.0,0.0
Хабаровский,2025-02-01,3,0.0,0.0,0.0
Хабаровский,2025-02-02,2,0.0,0.0,0.0
Хабаровский,2025-02-03,3,0.0,0.0,0.0
Хабаровский,2025-02-05,2,0.0,0.0,0.0
Хабаровский,2025-02-06,5,0.0,0.0,0.0
Хабаровский,2025-02-07,7,0.0,0.0,0.0
Хабаровский,2025-02-08,5,0.0,0.0,0.0
Хабаровский,2025-02-09,5,0.0,0.0,0.0
Хабаровский,2025-02-10,8,0.0,0.0,0.0
Хабаровский,2025-02-11,10,0.0,0.0,0.0
Хабаровский,2025-02-12,11,0.0,0.0,0.0
Хабаровский,2025-02-13,12,0.0,0.0,0.0
Хабаровский,2025-02-14,9,0.0,0.0,0.0
Хабаровский,2025-02-15,6,0.0,0.0,0.0
Хабаровский,2025-02-16,6,0.0,0.0,0.0
Хабаровский,2025-02-17,7,0.0,0.0,0.0
Хабаровский,2025-02-18,7,0.0,0.0,0.0
Хабаровский,2025-02-19,7,0.0,0.0,0.0
Хабаровский,2025-02-20,9,0.0,0.0,0.0
Хабаровский,2025-02-21,9,0.0,0.0,0.0
Хабаровский,2025-02-22,9,0.0,0.0,0.0
Хабаровский,2025-02-23,5,0.0,0.0,0.0
Хабаровский,2025-02-24,9,0.0,0.0,0.0
Хабаровский,2025-02-25,12,0.0,0.0,0.0
Хабаровский,2025-02-26,9,0.0,0.0,0.0
Хабаровский,2025-02-27,11,0.0,0.0,0.0
Хабаровский,2025-02-28,4,0.0,0.0,0.0
Хабаровский,2025-03-01,3,0.0,0.0,0.0
Хабаровский,2025-03-02,3,0.0,0.0,0.0
Хабаровский,2025-03-03,3,0.0,0.0,0.0
Хабаровский,2025-03-04,9,0.0,0.0,0.0
Хабаровский,2025-03-05,13,0.0,0.0,0.0
Хабаровский,2025-03-06,13,0.0,0.0,0.0
Хабаровский,2025-03-07,8,0.0,0.0,0.0
Хабаровский,2025-03-08,5,0.0,0.0,0.0
Хабаровский,2025-03-09,3,0.0,0.0,0.0
Хабаровский,2025-03-10,3,0.0,0.0,0.0
Хабаровский,2025-03-11,6,0.0,0.0,0.0
Хабаровский,2025-03-12,7,0.0,0.0,0.0
Хабаровский,2025-03-13,2,0.0,0.0,0.0
Хабаровский,2025-03-14,9,0.0,0.0,0.0
Хабаровский,2025-03-15,10,0.0,0.0,0.0
Хабаровский,2025-03-16,6,0.0,0.0,0.0
Хабаровский,2025-03-17,14,0.0,0.0,0.0
Хабаровский,2025-03-18,19,0.0,0.0,0.0
Хабаровский,2025-03-19,17,0.0,0.0,0.0
Хабаровский,2025-03-20,12,0.0,0.0,0.0
Хабаровский,2025-03-21,7,0.0,0.0,0.0
Хабаровский,2025-03-22,8,0.0,0.0,0.0
Хабаровский,2025-03-23,5,0.0,0.0,0.0
Хабаровский,2025-03-24,8,0.0,0.0,0.0
Хабаровский,2025-03-25,14,0.0,0.0,0.0
Хабаровский,2025-03-26,13,0.0,0.0,0.0
Хабаровский,2025-03-27,5,0.0,0.0,0.0
Хабаровский,2025-03-28,5,0.0,0.0,0.0
Хабаровский,2025-03-29,6,0.0,0.0,0.0
Хабаровский,2025-03-30,5,0.0,0.0,0.0
Хабаровский,2025-03-31,7,0.0,0.0,0.0
Хабаровский,2025-04-01,8,0.0,0.0,0.0
Хабаровский,2025-04-02,10,0.0,0.0,0.0
Хабаровский,2025-04-03,11,0.0,0.0,0.0
Хабаровский,2025-04-04,6,0.0,0.0,0.0
Хабаровский,2025-04-05,8,0.0,0.0,0.0
Хабаровский,2025-04-06,4,0.0,0.0,0.0
Хабаровский,2025-04-07,5,0.0,0.0,0.0
Хабаровский,2025-04-08,7,0.0,0.0,0.0
Хабаровский,2025-04-09,8,0.0,0.0,0.0
Хабаровский,2025-04-10,8,0.0,0.0,0.0
Хабаровский,2025-04-11,7,0.0,0.0,0.0
Хабаровский,2025-04-12,6,0.0,0.0,0.0
Хабаровский,2025-04-13,7,0.0,0.0,0.0
Хабаровский,2025-04-14,11,0.0,0.0,0.0
Хабаровский,2025-04-15,13,0.0,0.0,0.0
Хабаровский,2025-04-16,8,0.0,0.0,0.0
Хабаровский,2025-04-17,13,0.0,0.0,0.0
Хабаровский,2025-04-18,11,0.0,0.0,0.0
Хабаровский,2025-04-19,5,0.0,0.0,0.0
Хабаровский,2025-04-20,2,0.0,0.0,0.0
Хабаровский,2025-04-21,7,0.0,0.0,0.0
Хабаровский,2025-04-22,11,0.0,0.0,0.0
Хабаровский,2025-04-23,10,0.0,0.0,0.0
Хабаровский,2025-04-24,14,0.0,0.0,0.0
Хабаровский,2025-04-25,8,0.0,0.0,0.0
Хабаровский,2025-04-26,8,0.0,0.0,0.0
Хабаровский,2025-04-27,6,0.0,0.0,0.0
Хабаровский,2025-04-28,10,0.0,0.0,0.0
Хабаровский,2025-04-29,10,0.0,0.0,0.0
Хабаровский,2025-04-30,4,0.0,0.0,0.0
Хабаровский,2025-05-01,6,0.0,0.0,0.0
Хабаровский,2025-05-02,5,0.0,0.0,0.0
Хабаровский,2025-05-03,3,0.0,0.0,0.0
Хабаровский,2025-05-04,4,0.0,0.0,0.0
Хабаровский,2025-05-05,14,0.0,0.0,0.0
Хабаровский,2025-05-06,12,0.0,0.0,0.0
Хабаровский,2025-05-07,9,0.0,0.0,0.0
Хабаровский,2025-05-08,6,0.0,0.0,0.0
Хабаровский,2025-05-09,6,0.0,0.0,0.0
Хабаровский,2025-05-10,10,0.0,0.0,0.0
Хабаровский,2025-05-11,8,0.0,0.0,0.0
Хабаровский,2025-05-12,10,0.0,0.0,0.0
Хабаровский,2025-05-13,11,0.0,0.0,0.0
Хабаровский,2025-05-14,9,0.0,0.0,0.0
Хабаровский,2025-05-15,11,0.0,0.0,0.0
Хабаровский,2025-05-16,14,0.0,0.0,0.0
Хабаровский,2025-05-17,10,0.0,0.0,0.0
Хабаровский,2025-05-18,7,0.0,0.0,0.0
Хабаровский,2025-05-19,12,0.0,0.0,0.0
Хабаровский,2025-05-20,12,0.0,0.0,0.0
Хабаровский,2025-05-21,19,0.0,0.0,0.0
Хабаровский,2025-05-22,11,0.0,0.0,0.0
Хабаровский,2025-05-23,17,0.0,0.0,0.0
Хабаровский,2025-05-24,16,0.0,0.0,0.0
Хабаровский,2025-05-25,7,0.0,0.0,0.0
Хабаровский,2025-05-26,13,0.0,0.0,0.0
Хабаровский,2025-05-27,17,0.0,0.0,0.0
Хабаровский,2025-05-28,19,0.0,0.0,0.0
Хабаровский,2025-05-29,17,0.0,0.0,0.0
Хабаровский,2025-05-30,17,0.0,0.0,0.0
Хабаровский,2025-05-31,11,0.0,0.0,0.0
Хабаровский,2025-06-01,11,0.0,0.0,0.0
Хабаровский,2025-06-02,12,0.0,0.0,0.0
Хабаровский,2025-06-03,12,0.0,0.0,0.0
Хабаровский,2025-06-04,12,0.0,0.0,0.0
Хабаровский,2025-06-05,7,0.0,0.0,0.0
Хабаровский,2025-06-06,13,0.0,0.0,0.0
Хабаровский,2025-06-07,10,0.0,0.0,0.0
Хабаровский,2025-06-08,6,0.0,0.0,0.0
Хабаровский,2025-06-09,15,0.0,0.0,0.0
Хабаровский,2025-06-10,22,0.0,0.0,0.0
Хабаровский,2025-06-11,15,0.0,0.0,0.0
Хабаровский,2025-06-12,7,0.0,0.0,0.0
Хабаровский,2025-06-13,6,0.0,0.0,0.0
Хабаровский,2025-06-14,9,0.0,0.0,0.0
Хабаровский,2025-06-15,16,0.0,0.0,0.0
Хабаровский,2025-06-16,14,0.0,0.0,0.0
Хабаровский,2025-06-17,10,0.0,0.0,0.0
Хабаровский,2025-06-18,21,0.0,0.0,0.0
Хабаровский,2025-06-19,8,0.0,0.0,0.0
Хабаровский,2025-06-20,12,0.0,0.0,0.0
Хабаровский,2025-06-21,11,0.0,0.0,0.0
Хабаровский,2025-06-22,13,0.0,0.0,0.0
Хабаровский,2025-06-23,20,0.0,0.0,0.0
Хабаровский,2025-06-24,22,0.0,0.0,0.0
Хабаровский,2025-06-25,18,0.0,0.0,0.0
Хабаровский,2025-06-26,18,0.0,0.0,0.0
Хабаровский,2025-06-27,12,0.0,0.0,0.0
Хабаровский,2025-06-28,11,0.0,0.0,0.0
Хабаровский,2025-06-29,7,0.0,0.0,0.0
Хабаровский,2025-06-30,10,0.0,0.0,0.0
Хабаровский,2025-07-01,16,0.0,0.0,0.0
Хабаровский,2025-07-02,10,0.0,0.0,0.0
Хабаровский,2025-07-03,12,0.0,0.0,0.0
Хабаровский,2025-07-04,22,0.0,0.0,0.0
Хабаровский,2025-07-05,13,0.0,0.0,0.0
Хабаровский,2025-07-06,6,0.0,0.0,0.0
Хабаровский,2025-07-07,13,0.0,0.0,0.0
Хабаровский,2025-07-08,19,0.0,0.0,0.0
Хабаровский,2025-07-09,23,0.0,0.0,0.0
Хабаровский,2025-07-10,19,0.0,0.0,0.0
Хабаровский,2025-07-11,20,0.0,0.0,0.0
Хабаровский,2025-07-12,11,0.0,0.0,0.0
Хабаровский,2025-07-13,12,0.0,0.0,0.0
Хабаровский,2025-07-14,20,0.0,0.0,0.0
Хабаровский,2025-07-15,20,0.0,0.0,0.0
Хабаровский,2025-07-16,21,0.0,0.0,0.0
Хабаровский,2025-07-17,13,0.0,0.0,0.0
Хабаровский,2025-07-18,12,0.0,0.0,0.0
Хабаровский,2025-07-19,11,0.0,0.0,0.0
Хабаровский,2025-07-20,13,0.0,0.0,0.0
Хабаровский,2025-07-21,19,0.0,0.0,0.0
Хабаровский,2025-07-22,20,0.0,0.0,0.0
Хабаровский,2025-07-23,23,0.0,0.0,0.0
Хабаровский,2025-07-24,19,0.0,0.0,0.0
Хабаровский,2025-07-25,19,0.0,0.0,0.0
Хабаровский,2025-07-26,13,0.0,0.0,0.0
Хабаровский,2025-07-27,9,0.0,0.0,0.0
Хабаровский,2025-07-28,14,0.0,0.0,0.0
Хабаровский,2025-07-29,14,0.0,0.0,0.0
Хабаровский,2025-07-30,15,0.0,0.0,0.0
Хабаровский,2025-07-31,18,0.0,0.0,0.0
Якутский,2025-01-14,1,0.0,0.0,0.0
Якутский,2025-01-20,1,0.0,0.0,0.0
Якутский,2025-01-24,1,0.0,0.0,0.0
Якутский,2025-01-26,1,0.0,0.0,0.0
Якутский,2025-01-27,1,0.0,0.0,0.0
Якутский,2025-01-28,1,0.0,0.0,0.0
Якутский,2025-01-29,1,0.0,0.0,0.0
Якутский,2025-02-06,1,0.0,0.0,0.0
Якутский,2025-02-07,1,0.0,0.0,0.0
Якутский,2025-02-10,1,0.0,0.0,0.0
Якутский,2025-02-12,1,0.0,0.0,0.0
Якутский,2025-02-17,1,0.0,0.0,0.0
Якутский,2025-02-18,1,0.0,0.0,0.0
Якутский,2025-02-19,1,0.0,0.0,0.0
Якутский,2025-02-20,1,0.0,0.0,0.0
Якутский,2025-02-21,1,0.0,0.0,0.0
Якутский,2025-02-22,1,0.0,0.0,0.0
Якутский,2025-02-25,1,0.0,0.0,0.0
Якутский,2025-02-26,1,0.0,0.0,0.0
Якутский,2025-03-06,2,0.0,0.0,0.0
Якутский,2025-03-08,2,0.0,0.0,0.0
Якутский,2025-03-09,1,0.0,0.0,0.0
Якутский,2025-03-11,2,0.0,0.0,0.0
Якутский,2025-03-15,1,0.0,0.0,0.0
Якутский,2025-03-16,1,0.0,0.0,0.0
Якутский,2025-03-20,0,0.0,0.0,0.0
Якутский,2025-03-21,1,0.0,0.0,0.0
Якутский,2025-03-22,1,0.0,0.0,0.0
Якутский,2025-03-23,0,0.0,0.0,0.0
Якутский,2025-03-24,1,0.0,0.0,0.0
Якутский,2025-03-25,2,0.0,0.0,0.0
Якутский,2025-03-26,3,0.0,0.0,0.0
Якутский,2025-03-27,2,0.0,0.0,0.0
Якутский,2025-03-28,2,0.0,0.0,0.0
Якутский,2025-03-29,3,0.0,0.0,0.0
Якутский,2025-03-30,1,0.0,0.0,0.0
Якутский,2025-04-01,1,0.0,0.0,0.0
Якутский,2025-04-02,1,0.0,0.0,0.0
Якутский,2025-04-03,1,0.0,0.0,0.0
Якутский,2025-04-04,3,0.0,0.0,0.0
Якутский,2025-04-05,3,0.0,0.0,0.0
Якутский,2025-04-06,1,0.0,0.0,0.0
Якутский,2025-04-07,1,0.0,0.0,0.0
Якутский,2025-04-08,2,0.0,0.0,0.0
Якутский,2025-04-09,2,0.0,0.0,0.0
Якутский,2025-04-10,4,0.0,0.0,0.0
Якутский,2025-04-11,1,0.0,0.0,0.0
Якутский,2025-04-12,2,0.0,0.0,0.0
Якутский,2025-04-13,2,0.0,0.0,0.0
Якутский,2025-04-15,1,0.0,0.0,0.0
Якутский,2025-04-16,1,0.0,0.0,0.0
Якутский,2025-04-17,3,0.0,0.0,0.0
Якутский,2025-04-18,1,0.0,0.0,0.0
Якутский,2025-04-19,1,0.0,0.0,0.0
Якутский,2025-04-20,1,0.0,0.0,0.0
Якутский,2025-04-21,1,0.0,0.0,0.0
Якутский,2025-04-22,1,0.0,0.0,0.0
Якутский,2025-04-23,1,0.0,0.0,0.0
Якутский,2025-04-24,2,0.0,0.0,0.0
Якутский,2025-04-25,3,0.0,0.0,0.0
Якутский,2025-04-26,1,0.0,0.0,0.0
Якутский,2025-04-27,1,0.0,0.0,0.0
Якутский,2025-05-01,3,0.0,0.0,0.0
Якутский,2025-05-02,1,0.0,0.0,0.0
Якутский,2025-05-03,2,0.0,0.0,0.0
Якутский,2025-05-04,3,0.0,0.0,0.0
Якутский,2025-05-05,2,0.0,0.0,0.0
Якутский,2025-05-06,3,0.0,0.0,0.0
Якутский,2025-05-07,6,0.0,0.0,0.0
Якутский,2025-05-08,6,0.0,0.0,0.0
Якутский,2025-05-09,3,0.0,0.0,0.0
Якутский,2025-05-10,3,0.0,0.0,0.0
Якутский,2025-05-11,3,0.0,0.0,0.0
Якутский,2025-05-12,4,0.0,0.0,0.0
Якутский,2025-05-13,2,0.0,0.0,0.0
Якутский,2025-05-15,5,0.0,0.0,0.0
Якутский,2025-05-16,1,0.0,0.0,0.0
Якутский,2025-05-17,2,0.0,0.0,0.0
Якутский,2025-05-18,2,0.0,0.0,0.0
Якутский,2025-05-19,1,0.0,0.0,0.0
Якутский,2025-05-20,1,0.0,0.0,0.0
Якутский,2025-05-21,1,0.0,0.0,0.0
Якутский,2025-05-22,3,0.0,0.0,0.0
Якутский,2025-05-23,3,0.0,0.0,0.0
Якутский,2025-05-24,5,0.0,0.0,0.0
Якутский,2025-05-25,3,0.0,0.0,0.0
Якутский,2025-05-26,4,0.0,0.0,0.0
Якутский,2025-05-27,1,0.0,0.0,0.0
Якутский,2025-05-28,2,0.0,0.0,0.0
Якутский,2025-05-30,2,0.0,0.0,0.0
Якутский,2025-06-01,1,0.0,0.0,0.0
Якутский,2025-06-03,2,0.0,0.0,0.0
Якутский,2025-06-04,3,0.0,0.0,0.0
Якутский,2025-06-05,6,0.0,0.0,0.0
Якутский,2025-06-06,2,0.0,0.0,0.0
Якутский,2025-06-07,2,0.0,0.0,0.0
Якутский,2025-06-08,2,0.0,0.0,0.0
Якутский,2025-06-09,3,0.0,0.0,0.0
Якутский,2025-06-10,3,0.0,0.0,0.0
Якутский,2025-06-11,1,0.0,0.0,0.0
Якутский,2025-06-12,0,0.0,0.0,0.0
Якутский,2025-06-13,2,0.0,0.0,0.0
Якутский,2025-06-14,1,0.0,0.0,0.0
Якутский,2025-06-15,1,0.0,0.0,0.0
Якутский,2025-06-16,1,0.0,0.0,0.0
Якутский,2025-06-17,3,0.0,0.0,0.0
Якутский,2025-06-18,6,0.0,0.0,0.0
Якутский,2025-06-19,3,0.0,0.0,0.0
Якутский,2025-06-20,4,0.0,0.0,0.0
Якутский,2025-06-21,3,0.0,0.0,0.0
Якутский,2025-06-22,3,0.0,0.0,0.0
Якутский,2025-06-23,2,0.0,0.0,0.0
Якутский,2025-06-24,6,0.0,0.0,0.0
Якутский,2025-06-25,5,0.0,0.0,0.0
Якутский,2025-06-26,6,0.0,0.0,0.0
Якутский,2025-06-27,2,0.0,0.0,0.0
Якутский,2025-06-28,4,0.0,0.0,0.0
Якутский,2025-06-29,3,0.0,0.0,0.0
Якутский,2025-06-30,2,0.0,0.0,0.0
Якутский,2025-07-01,2,0.0,0.0,0.0
Якутский,2025-07-02,1,0.0,0.0,0.0
Якутский,2025-07-03,4,0.0,0.0,0.0
Якутский,2025-07-04,3,0.0,0.0,0.0
Якутский,2025-07-05,3,0.0,0.0,0.0
Якутский,2025-07-06,2,0.0,0.0,0.0
Якутский,2025-07-07,5,0.0,0.0,0.0
Якутский,2025-07-08,3,0.0,0.0,0.0
Якутский,2025-07-09,5,0.0,0.0,0.0
Якутский,2025-07-10,3,0.0,0.0,0.0
Якутский,2025-07-11,4,0.0,0.0,0.0
Якутский,2025-07-12,6,0.0,0.0,0.0
Якутский,2025-07-13,5,0.0,0.0,0.0
Якутский,2025-07-14,5,0.0,0.0,0.0
Якутский,2025-07-15,2,0.0,0.0,0.0
Якутский,2025-07-16,7,0.0,0.0,0.0
Якутский,2025-07-17,10,0.0,0.0,0.0
Якутский,2025-07-18,6,0.0,0.0,0.0
Якутский,2025-07-19,0,0.0,0.0,0.0
Якутский,2025-07-20,1,0.0,0.0,0.0
Якутский,2025-07-21,1,0.0,0.0,0.0
Якутский,2025-07-22,3,0.0,0.0,0.0
Якутский,2025-07-23,3,0.0,0.0,0.0
Якутский,2025-07-24,7,0.0,0.0,0.0
Якутский,2025-07-25,2,0.0,0.0,0.0
Якутский,2025-07-26,3,0.0,0.0,0.0
Якутский,2025-07-27,2,0.0,0.0,0.0
Якутский,2025-07-28,5,0.0,0.0,0.0
Якутский,2025-07-29,5,0.0,0.0,0.0
Якутский,2025-07-30,7,0.0,0.0,0.0
Якутский,2025-07-31,3,0.0,0.0,0.0
